지역명,매장명,지역명_매장명,하이픈텍스트,위치정보링크
서울 송파,"트 크기 조정
본문","서울 송파_트 크기 조정
본문",262-24,https://m.blog.naver.com/woojutravellog/223551985468
서울 송파,"트 크기 조정
본문","서울 송파_트 크기 조정
본문",14-3,https://m.blog.naver.com/woojutravellog/223551985468
서울 송파,"트 크기 조정
본문","서울 송파_트 크기 조정
본문",808-125,https://m.blog.naver.com/woojutravellog/223551985468
서울 송파,"트 크기 조정
본문","서울 송파_트 크기 조정
본문",306-7,https://m.blog.naver.com/woojutravellog/223551985468
부산 해운대,매장명 미확인,부산 해운대_매장명 미확인,605-3,https://lunara.tistory.com/entry/부산-가볼만한곳-베스트10
대구 동구,매장명 미확인,대구 동구_매장명 미확인,747-84,https://lct94.tistory.com/entry/인천-가볼만한-곳-베스트10-추천-2025년-업데이트
대구 동구,매장명 미확인,대구 동구_매장명 미확인,33-3,https://lct94.tistory.com/entry/인천-가볼만한-곳-베스트10-추천-2025년-업데이트
