index,location,region,link
0,가게 입구_논공규통신,가게 입구,https://www.daangn.com/kr/local-profile/%EB%85%BC%EA%B3%B5%EA%B7%9C%ED%86%B5%EC%8B%A0-k1g4376zv8zq/
1,가격 상담받구_당근폰,가격 상담받구,https://www.daangn.com/kr/local-profile/%EB%8B%B9%EA%B7%BC%ED%8F%B0-56g6hrzcnfk5/
2,가격에 폰구_휴대폰성지 옆커폰 이충점,가격에 폰구,https://www.daangn.com/kr/local-profile/%ED%9C%B4%EB%8C%80%ED%8F%B0%EC%84%B1%EC%A7%80-%EC%98%86%EC%BB%A4%ED%8F%B0-%EC%9D%B4%EC%B6%A9%EC%A0%90-bqk93xknrkyc/
3,가정용 가구_다다렌탈샵,가정용 가구,https://www.daangn.com/kr/local-profile/%EB%8B%A4%EB%8B%A4%EB%A0%8C%ED%83%88%EC%83%B5-vxj1sxxmzcnm/
4,가정용 가구_대여는 여기서 다대여,가정용 가구,https://www.daangn.com/kr/local-profile/%EB%8C%80%EC%97%AC%EB%8A%94-%EC%97%AC%EA%B8%B0%EC%84%9C-%EB%8B%A4%EB%8C%80%EC%97%AC-qnmw7hg3ez7o/
5,검색 공구_공구폰봉선점,검색 공구,https://www.daangn.com/kr/local-profile/%EA%B3%B5%EA%B5%AC%ED%8F%B0%EB%B4%89%EC%84%A0%EC%A0%90-nmdn1c7kp781/
6,검색 광주데이터복구_광주데이터복구 모바일픽스,검색 광주데이터복구,https://www.daangn.com/kr/local-profile/%EA%B4%91%EC%A3%BC%EB%8D%B0%EC%9D%B4%ED%84%B0%EB%B3%B5%EA%B5%AC-%EB%AA%A8%EB%B0%94%EC%9D%BC%ED%94%BD%EC%8A%A4-qzvskjg99uoc/
7,검색 금천구_금천구 독산점휴대폰성지,검색 금천구,https://www.daangn.com/kr/local-profile/%EA%B8%88%EC%B2%9C%EA%B5%AC-%EB%8F%85%EC%82%B0%EC%A0%90%ED%9C%B4%EB%8C%80%ED%8F%B0%EC%84%B1%EC%A7%80-wba84u8hbrbf/
8,검색 대구_대구 휴대폰성지 옆커폰 서구점,검색 대구,https://www.daangn.com/kr/local-profile/%EB%8C%80%EA%B5%AC-%ED%9C%B4%EB%8C%80%ED%8F%B0%EC%84%B1%EC%A7%80-%EC%98%86%EC%BB%A4%ED%8F%B0-%EC%84%9C%EA%B5%AC%EC%A0%90-4wif9iyot78d/
9,검색 대구_대구 휴대폰성지 옆커폰반월당점,검색 대구,https://www.daangn.com/kr/local-profile/%EB%8C%80%EA%B5%AC-%ED%9C%B4%EB%8C%80%ED%8F%B0%EC%84%B1%EC%A7%80-%EC%98%86%EC%BB%A4%ED%8F%B0%EB%B0%98%EC%9B%94%EB%8B%B9%EC%A0%90-ugsrfsvrq5z8/
10,검색 대구_대구성지요기요-폰성지,검색 대구,https://www.daangn.com/kr/local-profile/%EB%8C%80%EA%B5%AC%EC%84%B1%EC%A7%80%EC%9A%94%EA%B8%B0%EC%9A%94-%ED%8F%B0%EC%84%B1%EC%A7%80-fupot64hboj9/
11,검색 대구_대구중고폰 인생폰,검색 대구,https://www.daangn.com/kr/local-profile/%EB%8C%80%EA%B5%AC%EC%A4%91%EA%B3%A0%ED%8F%B0-%EC%9D%B8%EC%83%9D%ED%8F%B0-2bhq4rqknaxt/
12,검색 대구_대구중앙전당포,검색 대구,https://www.daangn.com/kr/local-profile/%EB%8C%80%EA%B5%AC%EC%A4%91%EC%95%99%EC%A0%84%EB%8B%B9%ED%8F%AC-mk5un9riyan8/
13,검색 대구_대구휴대폰성지,검색 대구,https://www.daangn.com/kr/local-profile/%EB%8C%80%EA%B5%AC%ED%9C%B4%EB%8C%80%ED%8F%B0%EC%84%B1%EC%A7%80-djp5uhwn1xj9/
14,검색 대구_대구휴대폰성지 옆커폰 진천점,검색 대구,https://www.daangn.com/kr/local-profile/%EB%8C%80%EA%B5%AC%ED%9C%B4%EB%8C%80%ED%8F%B0%EC%84%B1%EC%A7%80-%EC%98%86%EC%BB%A4%ED%8F%B0-%EC%A7%84%EC%B2%9C%EC%A0%90-u9ofo8svbvwf/
15,검색 대구_대구휴대폰성지 옆커폰송현점,검색 대구,https://www.daangn.com/kr/local-profile/%EB%8C%80%EA%B5%AC%ED%9C%B4%EB%8C%80%ED%8F%B0%EC%84%B1%EC%A7%80-%EC%98%86%EC%BB%A4%ED%8F%B0%EC%86%A1%ED%98%84%EC%A0%90-4jbw7qgzzgi4/
16,검색 대구동구_대구동구아이폰수리 아이폰AS센터,검색 대구동구,https://www.daangn.com/kr/local-profile/%EB%8C%80%EA%B5%AC%EB%8F%99%EA%B5%AC%EC%95%84%EC%9D%B4%ED%8F%B0%EC%88%98%EB%A6%AC-%EC%95%84%EC%9D%B4%ED%8F%B0as%EC%84%BC%ED%84%B0-ojmdz6s5yknc/
17,검색 모든데이터복구_모든데이터복구,검색 모든데이터복구,https://www.daangn.com/kr/local-profile/%EB%AA%A8%EB%93%A0%EB%8D%B0%EC%9D%B4%ED%84%B0%EB%B3%B5%EA%B5%AC-82f55d96s5fq/
18,검색 모바일연구_모바일연구소,검색 모바일연구,https://www.daangn.com/kr/local-profile/%EB%AA%A8%EB%B0%94%EC%9D%BC%EC%97%B0%EA%B5%AC%EC%86%8C-fzrwffc5qr5j/
19,검색 사구_사구사요사장님,검색 사구,https://www.daangn.com/kr/local-profile/%EC%82%AC%EA%B5%AC%EC%82%AC%EC%9A%94%EC%82%AC%EC%9E%A5%EB%8B%98-kicujc1iq946/
20,검색 삼성데이터복구_삼성데이터복구 서비스센터,검색 삼성데이터복구,https://www.daangn.com/kr/local-profile/%EC%82%BC%EC%84%B1%EB%8D%B0%EC%9D%B4%ED%84%B0%EB%B3%B5%EA%B5%AC-%EC%84%9C%EB%B9%84%EC%8A%A4%EC%84%BC%ED%84%B0-mw6e5qjtm1v1/
21,검색 성북구_성북구 핸드폰매장,검색 성북구,https://www.daangn.com/kr/local-profile/%EC%84%B1%EB%B6%81%EA%B5%AC-%ED%95%B8%EB%93%9C%ED%8F%B0%EB%A7%A4%EC%9E%A5-4r67rqyiad15/
22,검색 승승장구_승승장구22호점,검색 승승장구,https://www.daangn.com/kr/local-profile/%EC%8A%B9%EC%8A%B9%EC%9E%A5%EA%B5%AC22%ED%98%B8%EC%A0%90-jb8sn658pftb/
23,검색 승승장구_승승장구텔레콤 13호점,검색 승승장구,https://www.daangn.com/kr/local-profile/%EC%8A%B9%EC%8A%B9%EC%9E%A5%EA%B5%AC%ED%85%94%EB%A0%88%EC%BD%A4-13%ED%98%B8%EC%A0%90-om94eyuhwn8m/
24,검색 승승장구_승승장구텔레콤 27호점,검색 승승장구,https://www.daangn.com/kr/local-profile/%EC%8A%B9%EC%8A%B9%EC%9E%A5%EA%B5%AC%ED%85%94%EB%A0%88%EC%BD%A4-27%ED%98%B8%EC%A0%90-x3rb5j1ta423/
25,검색 승승장구_승승장구텔레콤 5호점,검색 승승장구,https://www.daangn.com/kr/local-profile/%EC%8A%B9%EC%8A%B9%EC%9E%A5%EA%B5%AC%ED%85%94%EB%A0%88%EC%BD%A4-5%ED%98%B8%EC%A0%90-p82h4qg5spyq/
26,검색 승승장구_승승장구텔레콤10호점,검색 승승장구,https://www.daangn.com/kr/local-profile/%EC%8A%B9%EC%8A%B9%EC%9E%A5%EA%B5%AC%ED%85%94%EB%A0%88%EC%BD%A410%ED%98%B8%EC%A0%90-embd6dyct7sz/
27,검색 승승장구_승승장구텔레콤9호점,검색 승승장구,https://www.daangn.com/kr/local-profile/%EC%8A%B9%EC%8A%B9%EC%9E%A5%EA%B5%AC%ED%85%94%EB%A0%88%EC%BD%A49%ED%98%B8%EC%A0%90-9krmvp8tdic1/
28,검색 알뜰한요금연구_알뜰한요금연구소,검색 알뜰한요금연구,https://www.daangn.com/kr/local-profile/%EC%95%8C%EB%9C%B0%ED%95%9C%EC%9A%94%EA%B8%88%EC%97%B0%EA%B5%AC%EC%86%8C-qvxsbpws6gk4/
29,검색 은평구_은평구 대학생,검색 은평구,https://www.daangn.com/kr/local-profile/%EC%9D%80%ED%8F%89%EA%B5%AC-%EB%8C%80%ED%95%99%EC%83%9D-88yaav59r5d4/
30,검색 주식회사구_주식회사구공상사,검색 주식회사구,https://www.daangn.com/kr/local-profile/%EC%A3%BC%EC%8B%9D%ED%9A%8C%EC%82%AC%EA%B5%AC%EA%B3%B5%EC%83%81%EC%82%AC-qdypm4x33pwe/
31,검색 지구_지구통신,검색 지구,https://www.daangn.com/kr/local-profile/%EC%A7%80%EA%B5%AC%ED%86%B5%EC%8B%A0-znw876hhjprm/
32,검색 최군_최군통신,검색 최군,https://www.daangn.com/kr/local-profile/%EC%B5%9C%EA%B5%B0%ED%86%B5%EC%8B%A0-36pf7w93vch4/
33,검색 최장군_최장군통신,검색 최장군,https://www.daangn.com/kr/local-profile/%EC%B5%9C%EC%9E%A5%EA%B5%B0%ED%86%B5%EC%8B%A0-hz44jww3qvi1/
34,검색 칠구_칠구텔레콤,검색 칠구,https://www.daangn.com/kr/local-profile/%EC%B9%A0%EA%B5%AC%ED%85%94%EB%A0%88%EC%BD%A4-wd7mik3vvgp9/
35,검색 해결연구_해결연구소,검색 해결연구,https://www.daangn.com/kr/local-profile/%ED%95%B4%EA%B2%B0%EC%97%B0%EA%B5%AC%EC%86%8C-5a37m7iof19a/
36,검색 휴대폰성지백구_휴대폰성지백구_1,검색 휴대폰성지백구,https://www.daangn.com/kr/local-profile/%ED%9C%B4%EB%8C%80%ED%8F%B0%EC%84%B1%EC%A7%80%EB%B0%B1%EA%B5%AC-fy25usac7cik/
37,검색 휴대폰싸군_휴대폰싸군,검색 휴대폰싸군,https://www.daangn.com/kr/local-profile/%ED%9C%B4%EB%8C%80%ED%8F%B0%EC%8B%B8%EA%B5%B0-3xcpibkusipa/
38,경산중산 지구_경산휴대폰성지 옆커폰 중산점,경산중산 지구,https://www.daangn.com/kr/local-profile/%EA%B2%BD%EC%82%B0%ED%9C%B4%EB%8C%80%ED%8F%B0%EC%84%B1%EC%A7%80-%EC%98%86%EC%BB%A4%ED%8F%B0-%EC%A4%91%EC%82%B0%EC%A0%90-94t21ke7vhpp/
39,경상북도 청도군_드림통신,경상북도 청도군,https://www.daangn.com/kr/local-profile/%EB%93%9C%EB%A6%BC%ED%86%B5%EC%8B%A0-y5w1o4bcpq5h/
40,경상북도 칠곡군_SK텔레콤 티엔에스 왜관점,경상북도 칠곡군,https://www.daangn.com/kr/local-profile/sk%ED%85%94%EB%A0%88%EC%BD%A4-%ED%8B%B0%EC%97%94%EC%97%90%EC%8A%A4-%EC%99%9C%EA%B4%80%EC%A0%90-nnoa8x1xvyyb/
41,경상북도 칠곡군_무료수거,경상북도 칠곡군,https://www.daangn.com/kr/local-profile/%EB%AC%B4%EB%A3%8C%EC%88%98%EA%B1%B0-mdmkh6kpmeet/
42,고양시 덕양구_씨에이치모바일,고양시 덕양구,https://www.daangn.com/kr/local-profile/%EC%94%A8%EC%97%90%EC%9D%B4%EC%B9%98%EB%AA%A8%EB%B0%94%EC%9D%BC-enzu332vpovz/
43,고양시 덕양구_에스모바일,고양시 덕양구,https://www.daangn.com/kr/local-profile/%EC%97%90%EC%8A%A4%EB%AA%A8%EB%B0%94%EC%9D%BC-wp8kg2dhj41k/
44,고양시 덕양구_에이치나인텔레콤,고양시 덕양구,https://www.daangn.com/kr/local-profile/%EC%97%90%EC%9D%B4%EC%B9%98%EB%82%98%EC%9D%B8%ED%85%94%EB%A0%88%EC%BD%A4-arynaxvj2j4p/
45,고양시 덕양구_엠엑스모바일,고양시 덕양구,https://www.daangn.com/kr/local-profile/%EC%97%A0%EC%97%91%EC%8A%A4%EB%AA%A8%EB%B0%94%EC%9D%BC-zkhe9k4htmr1/
46,고양시 덕양구_일산휴대폰성지 도매폰센타,고양시 덕양구,https://www.daangn.com/kr/local-profile/%EC%9D%BC%EC%82%B0%ED%9C%B4%EB%8C%80%ED%8F%B0%EC%84%B1%EC%A7%80-%EB%8F%84%EB%A7%A4%ED%8F%B0%EC%84%BC%ED%83%80-tmfs853iqmex/
47,고양시 덕양구_제이엠모바일,고양시 덕양구,https://www.daangn.com/kr/local-profile/%EC%A0%9C%EC%9D%B4%EC%97%A0%EB%AA%A8%EB%B0%94%EC%9D%BC-4tdxc1k26grg/
48,고양시 덕양구_제이와이스카이,고양시 덕양구,https://www.daangn.com/kr/local-profile/%EC%A0%9C%EC%9D%B4%EC%99%80%EC%9D%B4%EC%8A%A4%EC%B9%B4%EC%9D%B4-7uiswta5q9nx/
49,고양시 덕양구_착한텔레콤,고양시 덕양구,https://www.daangn.com/kr/local-profile/%EC%B0%A9%ED%95%9C%ED%85%94%EB%A0%88%EC%BD%A4-9cx4cdaz8vqz/
50,고양시 덕양구_케이모바일 일산휴대폰성지,고양시 덕양구,https://www.daangn.com/kr/local-profile/%EC%BC%80%EC%9D%B4%EB%AA%A8%EB%B0%94%EC%9D%BC-%EC%9D%BC%EC%82%B0%ED%9C%B4%EB%8C%80%ED%8F%B0%EC%84%B1%EC%A7%80-vnzqgic5q1ib/
51,고양시 덕양구_피에스모바일,고양시 덕양구,https://www.daangn.com/kr/local-profile/%ED%94%BC%EC%97%90%EC%8A%A4%EB%AA%A8%EB%B0%94%EC%9D%BC-cno3y6gpncer/
52,고양시 덕양구_피에스모바일,고양시 덕양구,https://www.daangn.com/kr/local-profile/%ED%94%BC%EC%97%90%EC%8A%A4%EB%AA%A8%EB%B0%94%EC%9D%BC-cno3y6gpncer/
53,고양시 덕양구_휴대폰 덕은점,고양시 덕양구,https://www.daangn.com/kr/local-profile/%ED%9C%B4%EB%8C%80%ED%8F%B0-%EB%8D%95%EC%9D%80%EC%A0%90-j6p5hpw6puax/
54,고양시 덕양구_휴대폰 도매센터 행신점,고양시 덕양구,https://www.daangn.com/kr/local-profile/%ED%9C%B4%EB%8C%80%ED%8F%B0-%EB%8F%84%EB%A7%A4%EC%84%BC%ED%84%B0-%ED%96%89%EC%8B%A0%EC%A0%90-nfxuyyte7nnq/
55,고양시 일산동구_꿈뱅이네 휴대폰,고양시 일산동구,https://www.daangn.com/kr/local-profile/%EA%BF%88%EB%B1%85%EC%9D%B4%EB%84%A4-%ED%9C%B4%EB%8C%80%ED%8F%B0-gciir6rj26vc/
56,고양시 일산동구_딸기마켓일산본점,고양시 일산동구,https://www.daangn.com/kr/local-profile/%EB%94%B8%EA%B8%B0%EB%A7%88%EC%BC%93%EC%9D%BC%EC%82%B0%EB%B3%B8%EC%A0%90-xkcsjigs22yc/
57,고양시 일산동구_태양모바일,고양시 일산동구,https://www.daangn.com/kr/local-profile/%ED%83%9C%EC%96%91%EB%AA%A8%EB%B0%94%EC%9D%BC-ya535kqdmyuv/
58,공 동구_와우폰,공 동구,https://www.daangn.com/kr/local-profile/%EC%99%80%EC%9A%B0%ED%8F%B0-4uqu6c5erhuz/
147,굉장히 깨끗하구_폰요기요,굉장히 깨끗하구,https://www.daangn.com/kr/local-profile/%ED%8F%B0%EC%9A%94%EA%B8%B0%EC%9A%94-kuosi9cf5q5u/
148,금액이 안나오더라구_플러스텔레콤,금액이 안나오더라구,https://www.daangn.com/kr/local-profile/%ED%94%8C%EB%9F%AC%EC%8A%A4%ED%85%94%EB%A0%88%EC%BD%A4-vzb894yfhs1e/
149,기가없는 데구_에이스컴퍼니,기가없는 데구,https://www.daangn.com/kr/local-profile/%EC%97%90%EC%9D%B4%EC%8A%A4%EC%BB%B4%ED%8D%BC%EB%8B%88-dug44rkkcnaq/
150,기기반납을 요구_모바일세상,기기반납을 요구,https://www.daangn.com/kr/local-profile/%EB%AA%A8%EB%B0%94%EC%9D%BC%EC%84%B8%EC%83%81-n3b13w6f4tfn/
151,기본 업무이구_KT대야점,기본 업무이구,https://www.daangn.com/kr/local-profile/kt%EB%8C%80%EC%95%BC%EC%A0%90-kzpbwn7r6sib/
152,김 학구_오라방2호,김 학구,https://www.daangn.com/kr/local-profile/%EC%98%A4%EB%9D%BC%EB%B0%A92%ED%98%B8-epyomu28nn5x/
153,너무 좋더라구_고래통신_2,너무 좋더라구,https://www.daangn.com/kr/local-profile/%EA%B3%A0%EB%9E%98%ED%86%B5%EC%8B%A0-gupphbfyz1bp/
154,넘 친절하시구_휴대폰성지 옆커폰 경산사동점,넘 친절하시구,https://www.daangn.com/kr/local-profile/%ED%9C%B4%EB%8C%80%ED%8F%B0%EC%84%B1%EC%A7%80-%EC%98%86%EC%BB%A4%ED%8F%B0-%EA%B2%BD%EC%82%B0%EC%82%AC%EB%8F%99%EC%A0%90-gabixzhf6he7/
155,다음엔 친구_MK커뮤니케이션,다음엔 친구,https://www.daangn.com/kr/local-profile/mk%EC%BB%A4%EB%AE%A4%EB%8B%88%EC%BC%80%EC%9D%B4%EC%85%98-2j7zj5xgj4bb/
156,단 골구_서기텔레콤,단 골구,https://www.daangn.com/kr/local-profile/%EC%84%9C%EA%B8%B0%ED%85%94%EB%A0%88%EC%BD%A4-jzih6rz2ctuf/
157,단골 혜택광산구_SK남선대리점 첨단직영점,단골 혜택광산구,https://www.daangn.com/kr/local-profile/sk%EB%82%A8%EC%84%A0%EB%8C%80%EB%A6%AC%EC%A0%90-%EC%B2%A8%EB%8B%A8%EC%A7%81%EC%98%81%EC%A0%90-ghtohmdv2qnq/
158,단골 혜택구_KT 인하대역점,단골 혜택구,https://www.daangn.com/kr/local-profile/kt-%EC%9D%B8%ED%95%98%EB%8C%80%EC%97%AD%EC%A0%90-bq3cjvmku14p/
159,단골 혜택구_금나무,단골 혜택구,https://www.daangn.com/kr/local-profile/%EA%B8%88%EB%82%98%EB%AC%B4-syna9z8d5bjw/
160,단골 혜택구_기린아이디어,단골 혜택구,https://www.daangn.com/kr/local-profile/%EA%B8%B0%EB%A6%B0%EC%95%84%EC%9D%B4%EB%94%94%EC%96%B4-e2pjuj4pm8er/
161,단골 혜택구_뉴(New) 폰,단골 혜택구,https://www.daangn.com/kr/local-profile/%EB%89%B4-new-%ED%8F%B0-8xp63w4545yd/
162,단골 혜택구_롯데하이마트 테크노밸리점,단골 혜택구,https://www.daangn.com/kr/local-profile/%EB%A1%AF%EB%8D%B0%ED%95%98%EC%9D%B4%EB%A7%88%ED%8A%B8-%ED%85%8C%ED%81%AC%EB%85%B8%EB%B0%B8%EB%A6%AC%EC%A0%90-vmsar3bi4f7o/
163,단골 혜택구_바른오피스,단골 혜택구,https://www.daangn.com/kr/local-profile/%EB%B0%94%EB%A5%B8%EC%98%A4%ED%94%BC%EC%8A%A4-ixgt25wqc1qw/
164,단골 혜택구_블루텔레콤,단골 혜택구,https://www.daangn.com/kr/local-profile/%EB%B8%94%EB%A3%A8%ED%85%94%EB%A0%88%EC%BD%A4-g5x4v4fe6grp/
165,단골 혜택구_빅뱅 정보통신(도화점),단골 혜택구,https://www.daangn.com/kr/local-profile/%EB%B9%85%EB%B1%85-%EC%A0%95%EB%B3%B4%ED%86%B5%EC%8B%A0-%EB%8F%84%ED%99%94%EC%A0%90-ry1sqyzuo54e/
166,단골 혜택구_주식회사 배티 용원점,단골 혜택구,https://www.daangn.com/kr/local-profile/%EC%A3%BC%EC%8B%9D%ED%9A%8C%EC%82%AC-%EB%B0%B0%ED%8B%B0-%EC%9A%A9%EC%9B%90%EC%A0%90-5mu5wse3ckmr/
167,단골 혜택대구_오케이통신,단골 혜택대구,https://www.daangn.com/kr/local-profile/%EC%98%A4%EC%BC%80%EC%9D%B4%ED%86%B5%EC%8B%A0-g2f2sy7w3igx/
168,단골 혜택방문구_엠케이모바일,단골 혜택방문구,https://www.daangn.com/kr/local-profile/%EC%97%A0%EC%BC%80%EC%9D%B4%EB%AA%A8%EB%B0%94%EC%9D%BC-skd421tnu2s1/
169,단골 혜택부산진구_연지시장 휴대폰성지,단골 혜택부산진구,https://www.daangn.com/kr/local-profile/%EC%97%B0%EC%A7%80%EC%8B%9C%EC%9E%A5-%ED%9C%B4%EB%8C%80%ED%8F%B0%EC%84%B1%EC%A7%80-wgm9b5boe3c1/
170,단골 혜택유심구_에스에이치글로벌,단골 혜택유심구,https://www.daangn.com/kr/local-profile/%EC%97%90%EC%8A%A4%EC%97%90%EC%9D%B4%EC%B9%98%EA%B8%80%EB%A1%9C%EB%B2%8C-1ovcaw4xvga6/
171,단골 혜택카카오톡플러스친구_(주)서린글로벌 봉담점,단골 혜택카카오톡플러스친구,https://www.daangn.com/kr/local-profile/%EC%A3%BC-%EC%84%9C%EB%A6%B0%EA%B8%80%EB%A1%9C%EB%B2%8C-%EB%B4%89%EB%8B%B4%EC%A0%90-8vb976qxvm5a/
172,담엔 친구_귀엽찡,담엔 친구,https://www.daangn.com/kr/local-profile/%EA%B7%80%EC%97%BD%EC%B0%A1-un3o2ay1sd25/
173,당근 친구_KT 니즈 별내역점,당근 친구,https://www.daangn.com/kr/local-profile/kt-%EB%8B%88%EC%A6%88-%EB%B3%84%EB%82%B4%EC%97%AD%EC%A0%90-1awc1bkzzidx/
174,당근 친구_이지폰 봉담점,당근 친구,https://www.daangn.com/kr/local-profile/%EC%9D%B4%EC%A7%80%ED%8F%B0-%EB%B4%89%EB%8B%B4%EC%A0%90-9hpob7ksoz9a/
175,당근 친구_이지폰 봉담점,당근 친구,https://www.daangn.com/kr/local-profile/%EC%9D%B4%EC%A7%80%ED%8F%B0-%EB%B4%89%EB%8B%B4%EC%A0%90-9hpob7ksoz9a/
176,당하시는 선약실구_핸드폰여기가그집,당하시는 선약실구,https://www.daangn.com/kr/local-profile/%ED%95%B8%EB%93%9C%ED%8F%B0%EC%97%AC%EA%B8%B0%EA%B0%80%EA%B7%B8%EC%A7%91-joke1ysm1enn/
202,대구 달성군_엔젤통신 죽곡점,대구 달성군,https://www.daangn.com/kr/local-profile/%EC%97%94%EC%A0%A4%ED%86%B5%EC%8B%A0-%EC%A3%BD%EA%B3%A1%EC%A0%90-yayzk64qaf1m/
203,대구 달성군_휴대폰성지,대구 달성군,https://www.daangn.com/kr/local-profile/%ED%9C%B4%EB%8C%80%ED%8F%B0%EC%84%B1%EC%A7%80-cwuf756g2thb/
204,대구 달성군_휴대폰파는총각 다사점,대구 달성군,https://www.daangn.com/kr/local-profile/%ED%9C%B4%EB%8C%80%ED%8F%B0%ED%8C%8C%EB%8A%94%EC%B4%9D%EA%B0%81-%EB%8B%A4%EC%82%AC%EC%A0%90-hhbdnpw4cn3a/
205,대구 달성군_휴대폰파는총각 현풍테크노점,대구 달성군,https://www.daangn.com/kr/local-profile/%ED%9C%B4%EB%8C%80%ED%8F%B0%ED%8C%8C%EB%8A%94%EC%B4%9D%EA%B0%81-%ED%98%84%ED%92%8D%ED%85%8C%ED%81%AC%EB%85%B8%EC%A0%90-hrk8g661kvsi/
299,더 올라가구_헌옷이돈,더 올라가구,https://www.daangn.com/kr/local-profile/%ED%97%8C%EC%98%B7%EC%9D%B4%EB%8F%88-c12r9q8jmqwz/
300,더보기 당군_블루,더보기 당군,https://www.daangn.com/kr/local-profile/%EB%B8%94%EB%A3%A8-kz72a2r5a4ce/
301,데이터 복구_인천쭝컴퓨터수리,데이터 복구,https://www.daangn.com/kr/local-profile/%EC%9D%B8%EC%B2%9C%EC%AD%9D%EC%BB%B4%ED%93%A8%ED%84%B0%EC%88%98%EB%A6%AC-kyo536zgg3qk/
302,데이터 복구_평택꽁폰,데이터 복구,https://www.daangn.com/kr/local-profile/%ED%8F%89%ED%83%9D%EA%BD%81%ED%8F%B0-bt1jpg86y4sr/
303,되돌려주는 풍무지구_휴대폰도매센터 모아폰풍무점,되돌려주는 풍무지구,https://www.daangn.com/kr/local-profile/%ED%9C%B4%EB%8C%80%ED%8F%B0%EB%8F%84%EB%A7%A4%EC%84%BC%ED%84%B0-%EB%AA%A8%EC%95%84%ED%8F%B0%ED%92%8D%EB%AC%B4%EC%A0%90-ohjadjhon4h7/
304,된다면 누구_스파이더,된다면 누구,https://www.daangn.com/kr/local-profile/%EC%8A%A4%ED%8C%8C%EC%9D%B4%EB%8D%94-cro8mdf7qpab/
305,든든한 지원군_옆커폰 인천지사,든든한 지원군,https://www.daangn.com/kr/local-profile/%EC%98%86%EC%BB%A4%ED%8F%B0-%EC%9D%B8%EC%B2%9C%EC%A7%80%EC%82%AC-fwhhr2tp56zy/
306,등 대실지구_청년폰,등 대실지구,https://www.daangn.com/kr/local-profile/%EC%B2%AD%EB%85%84%ED%8F%B0-b92zu8hunhq4/
307,맛난거사 먹구_성공통신,맛난거사 먹구,https://www.daangn.com/kr/local-profile/%EC%84%B1%EA%B3%B5%ED%86%B5%EC%8B%A0-1izbbxjti5ni/
308,매일 연구_하양휴대폰성지,매일 연구,https://www.daangn.com/kr/local-profile/%ED%95%98%EC%96%91%ED%9C%B4%EB%8C%80%ED%8F%B0%EC%84%B1%EC%A7%80-fnm71q6j2x8v/
309,매장 친구_SK텔레콤 KB대리점 화정점,매장 친구,https://www.daangn.com/kr/local-profile/sk%ED%85%94%EB%A0%88%EC%BD%A4-kb%EB%8C%80%EB%A6%AC%EC%A0%90-%ED%99%94%EC%A0%95%EC%A0%90-q9124acxiqdo/
310,매장 친구_SK텔레콤 삼보대리점 세교행복점,매장 친구,https://www.daangn.com/kr/local-profile/sk%ED%85%94%EB%A0%88%EC%BD%A4-%EC%82%BC%EB%B3%B4%EB%8C%80%EB%A6%AC%EC%A0%90-%EC%84%B8%EA%B5%90%ED%96%89%EB%B3%B5%EC%A0%90-17k9513uj953/
311,무료 휴대폰구_삼익통신,무료 휴대폰구,https://www.daangn.com/kr/local-profile/%EC%82%BC%EC%9D%B5%ED%86%B5%EC%8B%A0-4c2r2e75cyko/
312,물어보기도 편했구_스피드텔레콤안녕,물어보기도 편했구,https://www.daangn.com/kr/local-profile/%EC%8A%A4%ED%94%BC%EB%93%9C%ED%85%94%EB%A0%88%EC%BD%A4%EC%95%88%EB%85%95-vv65m46ego2k/
313,미스 터구_폰팩토리오산점,미스 터구,https://www.daangn.com/kr/local-profile/%ED%8F%B0%ED%8C%A9%ED%86%A0%EB%A6%AC%EC%98%A4%EC%82%B0%EC%A0%90-22hjmgjg6sjt/
314,미추 홀구_레전드모바일2,미추 홀구,https://www.daangn.com/kr/local-profile/%EB%A0%88%EC%A0%84%EB%93%9C%EB%AA%A8%EB%B0%94%EC%9D%BC2-w9vf2c3kyqae/
315,미추 홀구_미추홀통신3호점,미추 홀구,https://www.daangn.com/kr/local-profile/%EB%AF%B8%EC%B6%94%ED%99%80%ED%86%B5%EC%8B%A03%ED%98%B8%EC%A0%90-kage936sgezj/
316,미추 홀구_제이제이스 모바일,미추 홀구,https://www.daangn.com/kr/local-profile/%EC%A0%9C%EC%9D%B4%EC%A0%9C%EC%9D%B4%EC%8A%A4-%EB%AA%A8%EB%B0%94%EC%9D%BC-wt2751poktvm/
317,바로 수거오셨구_헌옷바이,바로 수거오셨구,https://www.daangn.com/kr/local-profile/%ED%97%8C%EC%98%B7%EB%B0%94%EC%9D%B4-ucjuqh7bgdp1/
318,바로 수거오셨구_헌옷바이,바로 수거오셨구,https://www.daangn.com/kr/local-profile/%ED%97%8C%EC%98%B7%EB%B0%94%EC%9D%B4-ucjuqh7bgdp1/
319,바로 여기더라구_하루모바일,바로 여기더라구,https://www.daangn.com/kr/local-profile/%ED%95%98%EB%A3%A8%EB%AA%A8%EB%B0%94%EC%9D%BC-r86a8i5xgc3d/
320,바로가기 반구_TWORLDKB본점,바로가기 반구,https://www.daangn.com/kr/local-profile/tworldkb%EB%B3%B8%EC%A0%90-2h95rph35ivm/
321,바로가기 반구_셀프빨래방,바로가기 반구,https://www.daangn.com/kr/local-profile/%EC%85%80%ED%94%84%EB%B9%A8%EB%9E%98%EB%B0%A9-uxxiadefc475/
322,바로가기 반구_울산 휴대폰성지 네모폰,바로가기 반구,https://www.daangn.com/kr/local-profile/%EC%9A%B8%EC%82%B0-%ED%9C%B4%EB%8C%80%ED%8F%B0%EC%84%B1%EC%A7%80-%EB%84%A4%EB%AA%A8%ED%8F%B0-mzam1xq4qdo8/
323,바로가기 반구_울산개꿀폰,바로가기 반구,https://www.daangn.com/kr/local-profile/%EC%9A%B8%EC%82%B0%EA%B0%9C%EA%BF%80%ED%8F%B0-o5d1ckprzcyr/
324,바로가기 반구_울산동구개꿀폰,바로가기 반구,https://www.daangn.com/kr/local-profile/%EC%9A%B8%EC%82%B0%EB%8F%99%EA%B5%AC%EA%B0%9C%EA%BF%80%ED%8F%B0-gjgdox96pkvx/
325,바로가기 반구_인터넷 렌탈 전문,바로가기 반구,https://www.daangn.com/kr/local-profile/%EC%9D%B8%ED%84%B0%EB%84%B7-%EB%A0%8C%ED%83%88-%EC%A0%84%EB%AC%B8-qnddp8r2273d/
326,바로가기 반구_제이에스모바일,바로가기 반구,https://www.daangn.com/kr/local-profile/%EC%A0%9C%EC%9D%B4%EC%97%90%EC%8A%A4%EB%AA%A8%EB%B0%94%EC%9D%BC-phye1b5jnxyq/
327,바로가기 반구_주식회사 아이티엠네트워크,바로가기 반구,https://www.daangn.com/kr/local-profile/%EC%A3%BC%EC%8B%9D%ED%9A%8C%EC%82%AC-%EC%95%84%EC%9D%B4%ED%8B%B0%EC%97%A0%EB%84%A4%ED%8A%B8%EC%9B%8C%ED%81%AC-75cmtyd3uiw1/
328,바로가기 반구_휴대폰 샵,바로가기 반구,https://www.daangn.com/kr/local-profile/%ED%9C%B4%EB%8C%80%ED%8F%B0-%EC%83%B5-cp9nts8snz6f/
329,바로가기 반구_휴대폰 아울렛,바로가기 반구,https://www.daangn.com/kr/local-profile/%ED%9C%B4%EB%8C%80%ED%8F%B0-%EC%95%84%EC%9A%B8%EB%A0%9B-2mcuonjzs35x/
330,바로가기 반구_휴대폰성지 폰다,바로가기 반구,https://www.daangn.com/kr/local-profile/%ED%9C%B4%EB%8C%80%ED%8F%B0%EC%84%B1%EC%A7%80-%ED%8F%B0%EB%8B%A4-3ktknw47xqg9/
331,바로가기 선두구_SK텔레콤 금곡점_2,바로가기 선두구,https://www.daangn.com/kr/local-profile/sk%ED%85%94%EB%A0%88%EC%BD%A4-%EA%B8%88%EA%B3%A1%EC%A0%90-vsq88jmmir55/
332,바로가기 선두구_모전 휴대폰_1,바로가기 선두구,https://www.daangn.com/kr/local-profile/%EB%AA%A8%EC%A0%84-%ED%9C%B4%EB%8C%80%ED%8F%B0-f2upjv84gqo4/
333,바로가기 선두구_비엠(BM)컴퍼니 이진_1,바로가기 선두구,https://www.daangn.com/kr/local-profile/%EB%B9%84%EC%97%A0-bm-%EC%BB%B4%ED%8D%BC%EB%8B%88-%EC%9D%B4%EC%A7%84-fh4qh52r24b2/
334,바로가기 선두구_정관모바일_1,바로가기 선두구,https://www.daangn.com/kr/local-profile/%EC%A0%95%EA%B4%80%EB%AA%A8%EB%B0%94%EC%9D%BC-fydss56meewc/
335,바로가기 청구_KT장한평역점_2,바로가기 청구,https://www.daangn.com/kr/local-profile/kt%EC%9E%A5%ED%95%9C%ED%8F%89%EC%97%AD%EC%A0%90-t2nfpeupp9qg/
336,바로가기 청구_퍼플_3,바로가기 청구,https://www.daangn.com/kr/local-profile/%ED%8D%BC%ED%94%8C-odanrd9nsmv4/
337,바로가기 청구_효자통신_2,바로가기 청구,https://www.daangn.com/kr/local-profile/%ED%9A%A8%EC%9E%90%ED%86%B5%EC%8B%A0-g3jf7r2tetxg/
338,밥상을 추구_시지갈비,밥상을 추구,https://www.daangn.com/kr/local-profile/%EC%8B%9C%EC%A7%80%EA%B0%88%EB%B9%84-isj8wuyka62y/
339,버리기도 아깝구_한결,버리기도 아깝구,https://www.daangn.com/kr/local-profile/%ED%95%9C%EA%B2%B0-5ie2pn51xbu4/
340,번 출구_LG유플러스 갈현동 연신내역6번출구점,번 출구,https://www.daangn.com/kr/local-profile/lg%EC%9C%A0%ED%94%8C%EB%9F%AC%EC%8A%A4-%EA%B0%88%ED%98%84%EB%8F%99-%EC%97%B0%EC%8B%A0%EB%82%B4%EC%97%AD6%EB%B2%88%EC%B6%9C%EA%B5%AC%EC%A0%90-k1dupcm6qrbn/
341,번 출구_LG유플러스 미사동_미사역5번출구역점,번 출구,https://www.daangn.com/kr/local-profile/lg%EC%9C%A0%ED%94%8C%EB%9F%AC%EC%8A%A4-%EB%AF%B8%EC%82%AC%EB%8F%99-%EB%AF%B8%EC%82%AC%EC%97%AD5%EB%B2%88%EC%B6%9C%EA%B5%AC%EC%97%AD%EC%A0%90-dhi9e1rz43kc/
342,번 출구_NC신구로,번 출구,https://www.daangn.com/kr/local-profile/nc%EC%8B%A0%EA%B5%AC%EB%A1%9C-dsuwihjd7yw5/
343,번 출구_라이브 폰 2호점,번 출구,https://www.daangn.com/kr/local-profile/%EB%9D%BC%EC%9D%B4%EB%B8%8C-%ED%8F%B0-2%ED%98%B8%EC%A0%90-77snvjnovv8s/
344,번 출구_미소모바일,번 출구,https://www.daangn.com/kr/local-profile/%EB%AF%B8%EC%86%8C%EB%AA%A8%EB%B0%94%EC%9D%BC-xf2xokbms2c3/
345,번 출구_에스컴퍼니,번 출구,https://www.daangn.com/kr/local-profile/%EC%97%90%EC%8A%A4%EC%BB%B4%ED%8D%BC%EB%8B%88-zhp28fxhyeie/
346,번 출구_에스컴퍼니,번 출구,https://www.daangn.com/kr/local-profile/%EC%97%90%EC%8A%A4%EC%BB%B4%ED%8D%BC%EB%8B%88-zhp28fxhyeie/
347,번 출구_잠실새내역 2번 출구 유플러스,번 출구,https://www.daangn.com/kr/local-profile/%EC%9E%A0%EC%8B%A4%EC%83%88%EB%82%B4%EC%97%AD-2%EB%B2%88-%EC%B6%9C%EA%B5%AC-%EC%9C%A0%ED%94%8C%EB%9F%AC%EC%8A%A4-4iumjcsq5n4y/
348,번 출구_정원정보통신,번 출구,https://www.daangn.com/kr/local-profile/%EC%A0%95%EC%9B%90%EC%A0%95%EB%B3%B4%ED%86%B5%EC%8B%A0-rq31u7zbotwd/
349,번 출구_죽전점 폰사닷컴 지하철 3번출구,번 출구,https://www.daangn.com/kr/local-profile/%EC%A3%BD%EC%A0%84%EC%A0%90-%ED%8F%B0%EC%82%AC%EB%8B%B7%EC%BB%B4-%EC%A7%80%ED%95%98%EC%B2%A0-3%EB%B2%88%EC%B6%9C%EA%B5%AC-bjuvbwcim6ro/
350,번 출구_중직한사람들 성남점,번 출구,https://www.daangn.com/kr/local-profile/%EC%A4%91%EC%A7%81%ED%95%9C%EC%82%AC%EB%9E%8C%EB%93%A4-%EC%84%B1%EB%82%A8%EC%A0%90-obojrk714c53/
351,번 출구_케이알(KR)모바일 4호점,번 출구,https://www.daangn.com/kr/local-profile/%EC%BC%80%EC%9D%B4%EC%95%8C-kr-%EB%AA%A8%EB%B0%94%EC%9D%BC-4%ED%98%B8%EC%A0%90-g5r2ay8i77in/
352,번 출구_퍼스트이동통신,번 출구,https://www.daangn.com/kr/local-profile/%ED%8D%BC%EC%8A%A4%ED%8A%B8%EC%9D%B4%EB%8F%99%ED%86%B5%EC%8B%A0-vaojdwqhwn25/
353,복사 대구_KT BH컴퍼니 금호점,복사 대구,https://www.daangn.com/kr/local-profile/kt-bh%EC%BB%B4%ED%8D%BC%EB%8B%88-%EA%B8%88%ED%98%B8%EC%A0%90-fe911d9h8rm6/
354,복사 대구_KT 라이즈 침산네거리점,복사 대구,https://www.daangn.com/kr/local-profile/kt-%EB%9D%BC%EC%9D%B4%EC%A6%88-%EC%B9%A8%EC%82%B0%EB%84%A4%EA%B1%B0%EB%A6%AC%EC%A0%90-unhv5e78hap1/
355,복사 대구_LG유플러스 화원점,복사 대구,https://www.daangn.com/kr/local-profile/lg%EC%9C%A0%ED%94%8C%EB%9F%AC%EC%8A%A4-%ED%99%94%EC%9B%90%EC%A0%90-d3h2td3nefyp/
356,복사 대구_SK 더블유대리점 강촌점,복사 대구,https://www.daangn.com/kr/local-profile/sk-%EB%8D%94%EB%B8%94%EC%9C%A0%EB%8C%80%EB%A6%AC%EC%A0%90-%EA%B0%95%EC%B4%8C%EC%A0%90-sgdstkyu7nev/
357,복사 대구_SKT드림라인메트로점,복사 대구,https://www.daangn.com/kr/local-profile/skt%EB%93%9C%EB%A6%BC%EB%9D%BC%EC%9D%B8%EB%A9%94%ED%8A%B8%EB%A1%9C%EC%A0%90-37m52cpf6a1w/
358,복사 대구_SKT상인점,복사 대구,https://www.daangn.com/kr/local-profile/skt%EC%83%81%EC%9D%B8%EC%A0%90-m5onog3pnruc/
359,복사 대구_SK텔레콤 백색대리점 평리직영점,복사 대구,https://www.daangn.com/kr/local-profile/sk%ED%85%94%EB%A0%88%EC%BD%A4-%EB%B0%B1%EC%83%89%EB%8C%80%EB%A6%AC%EC%A0%90-%ED%8F%89%EB%A6%AC%EC%A7%81%EC%98%81%EC%A0%90-enekojsfgiht/
360,복사 대구_kt세븐밸리점,복사 대구,https://www.daangn.com/kr/local-profile/kt%EC%84%B8%EB%B8%90%EB%B0%B8%EB%A6%AC%EC%A0%90-nzpmv529zoya/
361,복사 대구_구수하니,복사 대구,https://www.daangn.com/kr/local-profile/%EA%B5%AC%EC%88%98%ED%95%98%EB%8B%88-rn4ieoqizi9g/
362,복사 대구_금붕어 디스커스코리아,복사 대구,https://www.daangn.com/kr/local-profile/%EA%B8%88%EB%B6%95%EC%96%B4-%EB%94%94%EC%8A%A4%EC%BB%A4%EC%8A%A4%EC%BD%94%EB%A6%AC%EC%95%84-dtrk9rdoc9r2/
363,복사 대구_나만의 맞춤 휴대폰케이스,복사 대구,https://www.daangn.com/kr/local-profile/%EB%82%98%EB%A7%8C%EC%9D%98-%EB%A7%9E%EC%B6%A4-%ED%9C%B4%EB%8C%80%ED%8F%B0%EC%BC%80%EC%9D%B4%EC%8A%A4-x7up3gmka84u/
364,복사 대구_노란마켓 두류역점,복사 대구,https://www.daangn.com/kr/local-profile/%EB%85%B8%EB%9E%80%EB%A7%88%EC%BC%93-%EB%91%90%EB%A5%98%EC%97%AD%EC%A0%90-mabj43hwjz5u/
365,복사 대구_렌탈/가전제품/휴대폰,복사 대구,https://www.daangn.com/kr/local-profile/%EB%A0%8C%ED%83%88-%EA%B0%80%EC%A0%84%EC%A0%9C%ED%92%88-%ED%9C%B4%EB%8C%80%ED%8F%B0-fsaivoz66x7p/
366,복사 대구_멜로디모바일,복사 대구,https://www.daangn.com/kr/local-profile/%EB%A9%9C%EB%A1%9C%EB%94%94%EB%AA%A8%EB%B0%94%EC%9D%BC-b2zdqyxog7c6/
367,복사 대구_삼성스토어 상인역점,복사 대구,https://www.daangn.com/kr/local-profile/%EC%82%BC%EC%84%B1%EC%8A%A4%ED%86%A0%EC%96%B4-%EC%83%81%EC%9D%B8%EC%97%AD%EC%A0%90-upejxw51obwe/
368,복사 대구_삼양통신,복사 대구,https://www.daangn.com/kr/local-profile/%EC%82%BC%EC%96%91%ED%86%B5%EC%8B%A0-ffkk8jdtkwjk/
369,복사 대구_상지컴퍼니,복사 대구,https://www.daangn.com/kr/local-profile/%EC%83%81%EC%A7%80%EC%BB%B4%ED%8D%BC%EB%8B%88-9ksud2kb1t6p/
370,복사 대구_서하네폰가게,복사 대구,https://www.daangn.com/kr/local-profile/%EC%84%9C%ED%95%98%EB%84%A4%ED%8F%B0%EA%B0%80%EA%B2%8C-9fdjfhgoxc7k/
371,복사 대구_스마트마켓 (SM),복사 대구,https://www.daangn.com/kr/local-profile/%EC%8A%A4%EB%A7%88%ED%8A%B8%EB%A7%88%EC%BC%93-sm-ru2k4wgbqqwj/
372,복사 대구_스카이악세사리,복사 대구,https://www.daangn.com/kr/local-profile/%EC%8A%A4%EC%B9%B4%EC%9D%B4%EC%95%85%EC%84%B8%EC%82%AC%EB%A6%AC-c6o9yb1sav4w/
373,복사 대구_신화텔레콤,복사 대구,https://www.daangn.com/kr/local-profile/%EC%8B%A0%ED%99%94%ED%85%94%EB%A0%88%EC%BD%A4-efnq37x9cmmu/
374,복사 대구_아라통신,복사 대구,https://www.daangn.com/kr/local-profile/%EC%95%84%EB%9D%BC%ED%86%B5%EC%8B%A0-zoxyad21ydn1/
375,복사 대구_아미모바일,복사 대구,https://www.daangn.com/kr/local-profile/%EC%95%84%EB%AF%B8%EB%AA%A8%EB%B0%94%EC%9D%BC-twmpc2ur57d9/
376,복사 대구_아미모바일,복사 대구,https://www.daangn.com/kr/local-profile/%EC%95%84%EB%AF%B8%EB%AA%A8%EB%B0%94%EC%9D%BC-twmpc2ur57d9/
377,복사 대구_에이치씨(HC)통신,복사 대구,https://www.daangn.com/kr/local-profile/%EC%97%90%EC%9D%B4%EC%B9%98%EC%94%A8-hc-%ED%86%B5%EC%8B%A0-inkbn71p2jwh/
378,복사 대구_영토통신,복사 대구,https://www.daangn.com/kr/local-profile/%EC%98%81%ED%86%A0%ED%86%B5%EC%8B%A0-4wpcmnb2epem/
379,복사 대구_옆커폰 만촌점,복사 대구,https://www.daangn.com/kr/local-profile/%EC%98%86%EC%BB%A4%ED%8F%B0-%EB%A7%8C%EC%B4%8C%EC%A0%90-ch8nnqeh6dfz/
380,복사 대구_온다야통신,복사 대구,https://www.daangn.com/kr/local-profile/%EC%98%A8%EB%8B%A4%EC%95%BC%ED%86%B5%EC%8B%A0-37sogu8gcyx3/
381,복사 대구_올바른휴대폰,복사 대구,https://www.daangn.com/kr/local-profile/%EC%98%AC%EB%B0%94%EB%A5%B8%ED%9C%B4%EB%8C%80%ED%8F%B0-r1tckem9bizz/
382,복사 대구_유플러스 평화시장점,복사 대구,https://www.daangn.com/kr/local-profile/%EC%9C%A0%ED%94%8C%EB%9F%AC%EC%8A%A4-%ED%8F%89%ED%99%94%EC%8B%9C%EC%9E%A5%EC%A0%90-hfutu94hzawr/
383,복사 대구_이레케이스앤굿즈,복사 대구,https://www.daangn.com/kr/local-profile/%EC%9D%B4%EB%A0%88%EC%BC%80%EC%9D%B4%EC%8A%A4%EC%95%A4%EA%B5%BF%EC%A6%88-ibpkgufz87d8/
384,복사 대구_자유통신,복사 대구,https://www.daangn.com/kr/local-profile/%EC%9E%90%EC%9C%A0%ED%86%B5%EC%8B%A0-eghknowdpuuu/
385,복사 대구_주식회사 엠원모바일,복사 대구,https://www.daangn.com/kr/local-profile/%EC%A3%BC%EC%8B%9D%ED%9A%8C%EC%82%AC-%EC%97%A0%EC%9B%90%EB%AA%A8%EB%B0%94%EC%9D%BC-rtwwa6ic9e19/
386,복사 대구_지온모바일,복사 대구,https://www.daangn.com/kr/local-profile/%EC%A7%80%EC%98%A8%EB%AA%A8%EB%B0%94%EC%9D%BC-m8yw9qujehmd/
387,복사 대구_초코통신,복사 대구,https://www.daangn.com/kr/local-profile/%EC%B4%88%EC%BD%94%ED%86%B5%EC%8B%A0-79n5st3f54hi/
388,복사 대구_쿨정보통신지산점,복사 대구,https://www.daangn.com/kr/local-profile/%EC%BF%A8%EC%A0%95%EB%B3%B4%ED%86%B5%EC%8B%A0%EC%A7%80%EC%82%B0%EC%A0%90-zv1n7rjkapjz/
389,복사 대구_퍼스트,복사 대구,https://www.daangn.com/kr/local-profile/%ED%8D%BC%EC%8A%A4%ED%8A%B8-9bbonz7amjjk/
390,복사 대구_하음통신,복사 대구,https://www.daangn.com/kr/local-profile/%ED%95%98%EC%9D%8C%ED%86%B5%EC%8B%A0-2c7rbd5ecxyp/
391,복사 대구_한미대리점 대곡점,복사 대구,https://www.daangn.com/kr/local-profile/%ED%95%9C%EB%AF%B8%EB%8C%80%EB%A6%AC%EC%A0%90-%EB%8C%80%EA%B3%A1%EC%A0%90-imnrva41avxv/
392,복사 대구_휴대폰성지,복사 대구,https://www.daangn.com/kr/local-profile/%ED%9C%B4%EB%8C%80%ED%8F%B0%EC%84%B1%EC%A7%80-gdqp55giuj4c/
393,복사 대구_휴대폰성지 옆커폰 용산점,복사 대구,https://www.daangn.com/kr/local-profile/%ED%9C%B4%EB%8C%80%ED%8F%B0%EC%84%B1%EC%A7%80-%EC%98%86%EC%BB%A4%ED%8F%B0-%EC%9A%A9%EC%82%B0%EC%A0%90-rc9r7q5zd76d/
394,복사 대구_휴대폰성지 옆커폰봉덕점,복사 대구,https://www.daangn.com/kr/local-profile/%ED%9C%B4%EB%8C%80%ED%8F%B0%EC%84%B1%EC%A7%80-%EC%98%86%EC%BB%A4%ED%8F%B0%EB%B4%89%EB%8D%95%EC%A0%90-d7bra4ohk4i2/
395,복사 대구_휴대폰성지 옆커폰봉덕점,복사 대구,https://www.daangn.com/kr/local-profile/%ED%9C%B4%EB%8C%80%ED%8F%B0%EC%84%B1%EC%A7%80-%EC%98%86%EC%BB%A4%ED%8F%B0%EB%B4%89%EB%8D%95%EC%A0%90-d7bra4ohk4i2/
396,복사 대구_휴대폰성지 최싸폰 용산점,복사 대구,https://www.daangn.com/kr/local-profile/%ED%9C%B4%EB%8C%80%ED%8F%B0%EC%84%B1%EC%A7%80-%EC%B5%9C%EC%8B%B8%ED%8F%B0-%EC%9A%A9%EC%82%B0%EC%A0%90-mxokxekoeuac/
397,복사 대구_휴대폰할인매장효목점,복사 대구,https://www.daangn.com/kr/local-profile/%ED%9C%B4%EB%8C%80%ED%8F%B0%ED%95%A0%EC%9D%B8%EB%A7%A4%EC%9E%A5%ED%9A%A8%EB%AA%A9%EC%A0%90-n1ffp9uin1sd/
398,부 평구_LGU+부평구청점,부 평구,https://www.daangn.com/kr/local-profile/lgu-%EB%B6%80%ED%8F%89%EA%B5%AC%EC%B2%AD%EC%A0%90-hbgawgvtztj1/
399,부담없이 들러주시구_모바일뱅크,부담없이 들러주시구,https://www.daangn.com/kr/local-profile/%EB%AA%A8%EB%B0%94%EC%9D%BC%EB%B1%85%ED%81%AC-m66bvv95j4wd/
418,부산 기장군_KT,부산 기장군,https://www.daangn.com/kr/local-profile/kt-d228hg2aj77o/
419,부산 기장군_LGU 예화 부산은행점_1,부산 기장군,https://www.daangn.com/kr/local-profile/lgu-%EC%98%88%ED%99%94-%EB%B6%80%EC%82%B0%EC%9D%80%ED%96%89%EC%A0%90-7osh1o1d43my/
420,부산 기장군_대동기업,부산 기장군,https://www.daangn.com/kr/local-profile/%EB%8C%80%EB%8F%99%EA%B8%B0%EC%97%85-f99kv767kdmc/
421,부산 기장군_모전 휴대폰_2,부산 기장군,https://www.daangn.com/kr/local-profile/%EB%AA%A8%EC%A0%84-%ED%9C%B4%EB%8C%80%ED%8F%B0-f2upjv84gqo4/
422,부산 기장군_비엠(BM)컴퍼니 이진_2,부산 기장군,https://www.daangn.com/kr/local-profile/%EB%B9%84%EC%97%A0-bm-%EC%BB%B4%ED%8D%BC%EB%8B%88-%EC%9D%B4%EC%A7%84-fh4qh52r24b2/
423,부산 기장군_정관모바일_2,부산 기장군,https://www.daangn.com/kr/local-profile/%EC%A0%95%EA%B4%80%EB%AA%A8%EB%B0%94%EC%9D%BC-fydss56meewc/
424,부산 기장군_패밀리폰마트,부산 기장군,https://www.daangn.com/kr/local-profile/%ED%8C%A8%EB%B0%80%EB%A6%AC%ED%8F%B0%EB%A7%88%ED%8A%B8-k8btekrn1noh/
425,부산 기장군_휴대폰성지 슈퍼맨텔레콤 일광점,부산 기장군,https://www.daangn.com/kr/local-profile/%ED%9C%B4%EB%8C%80%ED%8F%B0%EC%84%B1%EC%A7%80-%EC%8A%88%ED%8D%BC%EB%A7%A8%ED%85%94%EB%A0%88%EC%BD%A4-%EC%9D%BC%EA%B4%91%EC%A0%90-dcqeasuapzjm/
426,부산 기장군_휴대폰할인매장,부산 기장군,https://www.daangn.com/kr/local-profile/%ED%9C%B4%EB%8C%80%ED%8F%B0%ED%95%A0%EC%9D%B8%EB%A7%A4%EC%9E%A5-uudezbaumx74/
447,부산 동래구 온천제3동_부산 휴대폰성지 옆커폰 사직점_2,부산 동래구 온천제3동,https://www.daangn.com/kr/local-profile/%EB%B6%80%EC%82%B0-%ED%9C%B4%EB%8C%80%ED%8F%B0%EC%84%B1%EC%A7%80-%EC%98%86%EC%BB%A4%ED%8F%B0-%EC%82%AC%EC%A7%81%EC%A0%90-91j1w7uymy9y/
448,부산 동래구 온천제3동_주식회사 에스케이아이언_2,부산 동래구 온천제3동,https://www.daangn.com/kr/local-profile/%EC%A3%BC%EC%8B%9D%ED%9A%8C%EC%82%AC-%EC%97%90%EC%8A%A4%EC%BC%80%EC%9D%B4%EC%95%84%EC%9D%B4%EC%96%B8-ucwz84iprwk8/
449,부산 동래구 온천제3동_착한휴대폰_2,부산 동래구 온천제3동,https://www.daangn.com/kr/local-profile/%EC%B0%A9%ED%95%9C%ED%9C%B4%EB%8C%80%ED%8F%B0-a38ezrk695de/
450,부산 동래구 온천제3동_포유컴퍼니_2,부산 동래구 온천제3동,https://www.daangn.com/kr/local-profile/%ED%8F%AC%EC%9C%A0%EC%BB%B4%ED%8D%BC%EB%8B%88-34az8zowbzkh/
451,부산 동래구 온천제3동_한웅비투비_2,부산 동래구 온천제3동,https://www.daangn.com/kr/local-profile/%ED%95%9C%EC%9B%85%EB%B9%84%ED%88%AC%EB%B9%84-69nk1cgwyznk/
452,부산 동래구 온천제3동_휴대폰 최고 싼 집_2,부산 동래구 온천제3동,https://www.daangn.com/kr/local-profile/%ED%9C%B4%EB%8C%80%ED%8F%B0-%EC%B5%9C%EA%B3%A0-%EC%8B%BC-%EC%A7%91-zneey9dieuze/
554,부산 영도구 동삼제2동_SK텔레콤 파랑새대리점 남천해변시장점_2,부산 영도구 동삼제2동,https://www.daangn.com/kr/local-profile/sk%ED%85%94%EB%A0%88%EC%BD%A4-%ED%8C%8C%EB%9E%91%EC%83%88%EB%8C%80%EB%A6%AC%EC%A0%90-%EB%82%A8%EC%B2%9C%ED%95%B4%EB%B3%80%EC%8B%9C%EC%9E%A5%EC%A0%90-j2bgobmxb94t/
555,부산 영도구 동삼제2동_SK텔레콤 힐탑대리점 본점_2,부산 영도구 동삼제2동,https://www.daangn.com/kr/local-profile/sk%ED%85%94%EB%A0%88%EC%BD%A4-%ED%9E%90%ED%83%91%EB%8C%80%EB%A6%AC%EC%A0%90-%EB%B3%B8%EC%A0%90-wunh13kjqc6d/
556,부산 영도구 동삼제2동_부산휴대폰성지 직폰_3,부산 영도구 동삼제2동,https://www.daangn.com/kr/local-profile/%EB%B6%80%EC%82%B0%ED%9C%B4%EB%8C%80%ED%8F%B0%EC%84%B1%EC%A7%80-%EC%A7%81%ED%8F%B0-x9u3obftbo34/
557,부산 영도구 동삼제2동_옆커폰 휴대폰성지 범일점_3,부산 영도구 동삼제2동,https://www.daangn.com/kr/local-profile/%EC%98%86%EC%BB%A4%ED%8F%B0-%ED%9C%B4%EB%8C%80%ED%8F%B0%EC%84%B1%EC%A7%80-%EB%B2%94%EC%9D%BC%EC%A0%90-oi2ongcwhsk7/
558,부산 영도구 동삼제2동_정우컴퍼니_2,부산 영도구 동삼제2동,https://www.daangn.com/kr/local-profile/%EC%A0%95%EC%9A%B0%EC%BB%B4%ED%8D%BC%EB%8B%88-cxxtucrxt434/
559,부산 영도구 동삼제2동_중고폰뱅크 부산경성대점_2,부산 영도구 동삼제2동,https://www.daangn.com/kr/local-profile/%EC%A4%91%EA%B3%A0%ED%8F%B0%EB%B1%85%ED%81%AC-%EB%B6%80%EC%82%B0%EA%B2%BD%EC%84%B1%EB%8C%80%EC%A0%90-yfkskw9pzxz7/
560,부산 영도구 동삼제2동_코끼리모바일_2,부산 영도구 동삼제2동,https://www.daangn.com/kr/local-profile/%EC%BD%94%EB%81%BC%EB%A6%AC%EB%AA%A8%EB%B0%94%EC%9D%BC-3chpdr35jtbb/
561,부산 영도구 동삼제2동_휴대폰주민센터 영도점_2,부산 영도구 동삼제2동,https://www.daangn.com/kr/local-profile/%ED%9C%B4%EB%8C%80%ED%8F%B0%EC%A3%BC%EB%AF%BC%EC%84%BC%ED%84%B0-%EC%98%81%EB%8F%84%EC%A0%90-mw51d5pa4tde/
562,부산 영도구 동삼제3동_명진텔레콤_2,부산 영도구 동삼제3동,https://www.daangn.com/kr/local-profile/%EB%AA%85%EC%A7%84%ED%85%94%EB%A0%88%EC%BD%A4-uhy2kytsvms9/
563,부산 영도구 동삼제3동_부산 중고폰 도소매 업체_2,부산 영도구 동삼제3동,https://www.daangn.com/kr/local-profile/%EB%B6%80%EC%82%B0-%EC%A4%91%EA%B3%A0%ED%8F%B0-%EB%8F%84%EC%86%8C%EB%A7%A4-%EC%97%85%EC%B2%B4-rcrgbjsmqzxr/
595,부산지구_KT 대성정공 양정점_2,부산지구,https://www.daangn.com/kr/local-profile/kt-%EB%8C%80%EC%84%B1%EC%A0%95%EA%B3%B5-%EC%96%91%EC%A0%95%EC%A0%90-t6n5xtyczqxg/
596,부천시 소사구_KT퀸즈파크옥길PLAZA,부천시 소사구,https://www.daangn.com/kr/local-profile/kt%ED%80%B8%EC%A6%88%ED%8C%8C%ED%81%AC%EC%98%A5%EA%B8%B8plaza-uuxgbc2troc5/
597,부천시 소사구_부천휴대폰성지 스타모바일12호점,부천시 소사구,https://www.daangn.com/kr/local-profile/%EB%B6%80%EC%B2%9C%ED%9C%B4%EB%8C%80%ED%8F%B0%EC%84%B1%EC%A7%80-%EC%8A%A4%ED%83%80%EB%AA%A8%EB%B0%94%EC%9D%BC12%ED%98%B8%EC%A0%90-wd7kn7ctgn7s/
598,부천시 소사구_앤텔렘콤 공식 대리점 개미통신,부천시 소사구,https://www.daangn.com/kr/local-profile/%EC%95%A4%ED%85%94%EB%A0%98%EC%BD%A4-%EA%B3%B5%EC%8B%9D-%EB%8C%80%EB%A6%AC%EC%A0%90-%EA%B0%9C%EB%AF%B8%ED%86%B5%EC%8B%A0-4evitfko8c7e/
599,부천시 소사구_옆커폰 송내역점,부천시 소사구,https://www.daangn.com/kr/local-profile/%EC%98%86%EC%BB%A4%ED%8F%B0-%EC%86%A1%EB%82%B4%EC%97%AD%EC%A0%90-z3s11qb7pg9a/
600,부천시 소사구_케이모바일 부천자유시장점,부천시 소사구,https://www.daangn.com/kr/local-profile/%EC%BC%80%EC%9D%B4%EB%AA%A8%EB%B0%94%EC%9D%BC-%EB%B6%80%EC%B2%9C%EC%9E%90%EC%9C%A0%EC%8B%9C%EC%9E%A5%EC%A0%90-a6eb33c5tqnd/
601,부천시 소사구_휴대폰성지 옆커폰 부천중동남부점,부천시 소사구,https://www.daangn.com/kr/local-profile/%ED%9C%B4%EB%8C%80%ED%8F%B0%EC%84%B1%EC%A7%80-%EC%98%86%EC%BB%A4%ED%8F%B0-%EB%B6%80%EC%B2%9C%EC%A4%91%EB%8F%99%EB%82%A8%EB%B6%80%EC%A0%90-uorhd34ybk9n/
602,부천시 오정구_유이통신,부천시 오정구,https://www.daangn.com/kr/local-profile/%EC%9C%A0%EC%9D%B4%ED%86%B5%EC%8B%A0-14hyuewtq9cd/
603,부천시 오정구_지민대리점 본점,부천시 오정구,https://www.daangn.com/kr/local-profile/%EC%A7%80%EB%AF%BC%EB%8C%80%EB%A6%AC%EC%A0%90-%EB%B3%B8%EC%A0%90-5sy6dvafwjmi/
604,부천시 오정구_휴대폰성지 옆커폰 원종직영점,부천시 오정구,https://www.daangn.com/kr/local-profile/%ED%9C%B4%EB%8C%80%ED%8F%B0%EC%84%B1%EC%A7%80-%EC%98%86%EC%BB%A4%ED%8F%B0-%EC%9B%90%EC%A2%85%EC%A7%81%EC%98%81%EC%A0%90-tee8fvifmmsz/
605,부천시 원미구_SKT MD 상동직영점,부천시 원미구,https://www.daangn.com/kr/local-profile/skt-md-%EC%83%81%EB%8F%99%EC%A7%81%EC%98%81%EC%A0%90-kf2p626hoqvf/
606,부천시 원미구_모바일JM,부천시 원미구,https://www.daangn.com/kr/local-profile/%EB%AA%A8%EB%B0%94%EC%9D%BCjm-m87owvxx8d5m/
607,부천시 원미구_모바일JU,부천시 원미구,https://www.daangn.com/kr/local-profile/%EB%AA%A8%EB%B0%94%EC%9D%BCju-gkavqwpqs12k/
608,부천시 원미구_부천 휴대폰 성지 옆커폰 부천점,부천시 원미구,https://www.daangn.com/kr/local-profile/%EB%B6%80%EC%B2%9C-%ED%9C%B4%EB%8C%80%ED%8F%B0-%EC%84%B1%EC%A7%80-%EC%98%86%EC%BB%A4%ED%8F%B0-%EB%B6%80%EC%B2%9C%EC%A0%90-a6id8gmma79u/
609,부천시 원미구_상상통신,부천시 원미구,https://www.daangn.com/kr/local-profile/%EC%83%81%EC%83%81%ED%86%B5%EC%8B%A0-5eryiephfp2f/
610,부천시 원미구_세명정보통신 도당점,부천시 원미구,https://www.daangn.com/kr/local-profile/%EC%84%B8%EB%AA%85%EC%A0%95%EB%B3%B4%ED%86%B5%EC%8B%A0-%EB%8F%84%EB%8B%B9%EC%A0%90-iqejf9noy47f/
611,부천시 원미구_아이티민족,부천시 원미구,https://www.daangn.com/kr/local-profile/%EC%95%84%EC%9D%B4%ED%8B%B0%EB%AF%BC%EC%A1%B1-y9a9doui8t52/
612,부천시 원미구_휴대폰성지 휴대폰파크 부천점,부천시 원미구,https://www.daangn.com/kr/local-profile/%ED%9C%B4%EB%8C%80%ED%8F%B0%EC%84%B1%EC%A7%80-%ED%9C%B4%EB%8C%80%ED%8F%B0%ED%8C%8C%ED%81%AC-%EB%B6%80%EC%B2%9C%EC%A0%90-a3eny17kat4t/
613,브로드밴드 서대구_sk브로드밴드 서대구지점,브로드밴드 서대구,https://www.daangn.com/kr/local-profile/sk%EB%B8%8C%EB%A1%9C%EB%93%9C%EB%B0%B4%EB%93%9C-%EC%84%9C%EB%8C%80%EA%B5%AC%EC%A7%80%EC%A0%90-91mvu9m4y9w7/
614,비 즈구_윈썸오브제,비 즈구,https://www.daangn.com/kr/local-profile/%EC%9C%88%EC%8D%B8%EC%98%A4%EB%B8%8C%EC%A0%9C-vjo21wj6z3e9/
615,사기나 호구_휴대폰 구매대행 및 상담,사기나 호구,https://www.daangn.com/kr/local-profile/%ED%9C%B4%EB%8C%80%ED%8F%B0-%EA%B5%AC%EB%A7%A4%EB%8C%80%ED%96%89-%EB%B0%8F-%EC%83%81%EB%8B%B4-z91dsz4nk1o7/
616,산본시장 입구_엘케이모바일,산본시장 입구,https://www.daangn.com/kr/local-profile/%EC%97%98%EC%BC%80%EC%9D%B4%EB%AA%A8%EB%B0%94%EC%9D%BC-jvqzh9ys4pgw/
617,살수있는곳 자발적호구_열린폰마트고강점,살수있는곳 자발적호구,https://www.daangn.com/kr/local-profile/%EC%97%B4%EB%A6%B0%ED%8F%B0%EB%A7%88%ED%8A%B8%EA%B3%A0%EA%B0%95%EC%A0%90-455bni4pqv4h/
618,삼삼 친구_소새울,삼삼 친구,https://www.daangn.com/kr/local-profile/%EC%86%8C%EC%83%88%EC%9A%B8-wfssu14koz5n/
619,상관없이 누구_LG유플러스 덕풍동 하남프라자점,상관없이 누구,https://www.daangn.com/kr/local-profile/lg%EC%9C%A0%ED%94%8C%EB%9F%AC%EC%8A%A4-%EB%8D%95%ED%92%8D%EB%8F%99-%ED%95%98%EB%82%A8%ED%94%84%EB%9D%BC%EC%9E%90%EC%A0%90-zygockqwuw2a/
620,상품을 누구_롯데하이마트봉천점,상품을 누구,https://www.daangn.com/kr/local-profile/%EB%A1%AF%EB%8D%B0%ED%95%98%EC%9D%B4%EB%A7%88%ED%8A%B8%EB%B4%89%EC%B2%9C%EC%A0%90-fecgnj6moa47/
1135,서울시성 북구_폰마트 컴마트,서울시성 북구,https://www.daangn.com/kr/local-profile/%ED%8F%B0%EB%A7%88%ED%8A%B8-%EC%BB%B4%EB%A7%88%ED%8A%B8-zduabejzsvu1/
1136,서울시성 북구_폰마트 컴마트,서울시성 북구,https://www.daangn.com/kr/local-profile/%ED%8F%B0%EB%A7%88%ED%8A%B8-%EC%BB%B4%EB%A7%88%ED%8A%B8-zduabejzsvu1/
1137,성남시 분당구_KT서현역직영점,성남시 분당구,https://www.daangn.com/kr/local-profile/kt%EC%84%9C%ED%98%84%EC%97%AD%EC%A7%81%EC%98%81%EC%A0%90-1fwho3zqxor9/
1138,성남시 분당구_SK텔레콤 논현대리점 판교직영점,성남시 분당구,https://www.daangn.com/kr/local-profile/sk%ED%85%94%EB%A0%88%EC%BD%A4-%EB%85%BC%ED%98%84%EB%8C%80%EB%A6%AC%EC%A0%90-%ED%8C%90%EA%B5%90%EC%A7%81%EC%98%81%EC%A0%90-683machr814b/
1139,성남시 분당구_SK텔레콤 정자역 카페거리점,성남시 분당구,https://www.daangn.com/kr/local-profile/sk%ED%85%94%EB%A0%88%EC%BD%A4-%EC%A0%95%EC%9E%90%EC%97%AD-%EC%B9%B4%ED%8E%98%EA%B1%B0%EB%A6%AC%EC%A0%90-ux7q6p8wcvc6/
1140,성남시 분당구_SK판교직영점,성남시 분당구,https://www.daangn.com/kr/local-profile/sk%ED%8C%90%EA%B5%90%EC%A7%81%EC%98%81%EC%A0%90-19vv4edgpufc/
1141,성남시 분당구_공부하는아이,성남시 분당구,https://www.daangn.com/kr/local-profile/%EA%B3%B5%EB%B6%80%ED%95%98%EB%8A%94%EC%95%84%EC%9D%B4-oq7wmx3sggw4/
1142,성남시 분당구_에스제이,성남시 분당구,https://www.daangn.com/kr/local-profile/%EC%97%90%EC%8A%A4%EC%A0%9C%EC%9D%B4-15vxjqvypm73/
1143,"성남시 분당구_엑셀보다,팀셀!",성남시 분당구,https://www.daangn.com/kr/local-profile/%EC%97%91%EC%85%80%EB%B3%B4%EB%8B%A4-%ED%8C%80%EC%85%80-a1fdt79s8uvf/
1144,성남시 분당구_엠커뮤니케이션,성남시 분당구,https://www.daangn.com/kr/local-profile/%EC%97%A0%EC%BB%A4%EB%AE%A4%EB%8B%88%EC%BC%80%EC%9D%B4%EC%85%98-dynrjxgzk51a/
1145,성남시 분당구_옆커폰분당오리점,성남시 분당구,https://www.daangn.com/kr/local-profile/%EC%98%86%EC%BB%A4%ED%8F%B0%EB%B6%84%EB%8B%B9%EC%98%A4%EB%A6%AC%EC%A0%90-jxtdstnb4ctb/
1146,성남시 분당구_이지모바일,성남시 분당구,https://www.daangn.com/kr/local-profile/%EC%9D%B4%EC%A7%80%EB%AA%A8%EB%B0%94%EC%9D%BC-11prfqbvuxm8/
1147,성남시 분당구_중고폰 앤트커머스,성남시 분당구,https://www.daangn.com/kr/local-profile/%EC%A4%91%EA%B3%A0%ED%8F%B0-%EC%95%A4%ED%8A%B8%EC%BB%A4%EB%A8%B8%EC%8A%A4-rshv4u351hv3/
1148,성남시 분당구_폰사요몰 분당점,성남시 분당구,https://www.daangn.com/kr/local-profile/%ED%8F%B0%EC%82%AC%EC%9A%94%EB%AA%B0-%EB%B6%84%EB%8B%B9%EC%A0%90-jvg9qxgzp8m7/
1149,성남시 분당구_프라임,성남시 분당구,https://www.daangn.com/kr/local-profile/%ED%94%84%EB%9D%BC%EC%9E%84-m8fusr5p2kfh/
1150,성남시 분당구_프라임,성남시 분당구,https://www.daangn.com/kr/local-profile/%ED%94%84%EB%9D%BC%EC%9E%84-m8fusr5p2kfh/
1151,성남시 분당구_휴대폰맛집,성남시 분당구,https://www.daangn.com/kr/local-profile/%ED%9C%B4%EB%8C%80%ED%8F%B0%EB%A7%9B%EC%A7%91-1fipmdawmgwa/
1152,성남시 분당구_힐링쉴드 액정보호필름부착점,성남시 분당구,https://www.daangn.com/kr/local-profile/%ED%9E%90%EB%A7%81%EC%89%B4%EB%93%9C-%EC%95%A1%EC%A0%95%EB%B3%B4%ED%98%B8%ED%95%84%EB%A6%84%EB%B6%80%EC%B0%A9%EC%A0%90-y1g6hivp7pt4/
1153,성남시 수정구_GS편의점,성남시 수정구,https://www.daangn.com/kr/local-profile/gs%ED%8E%B8%EC%9D%98%EC%A0%90-qfwb6jvbs8th/
1154,성남시 수정구_KT 300텔레콤 위례중앙점,성남시 수정구,https://www.daangn.com/kr/local-profile/kt-300%ED%85%94%EB%A0%88%EC%BD%A4-%EC%9C%84%EB%A1%80%EC%A4%91%EC%95%99%EC%A0%90-nfxwqt3z1afq/
1155,성남시 수정구_LGU+중앙점,성남시 수정구,https://www.daangn.com/kr/local-profile/lgu-%EC%A4%91%EC%95%99%EC%A0%90-nuph2v962qnp/
1156,성남시 수정구_SKT 위례광장직영점_2,성남시 수정구,https://www.daangn.com/kr/local-profile/skt-%EC%9C%84%EB%A1%80%EA%B4%91%EC%9E%A5%EC%A7%81%EC%98%81%EC%A0%90-4ucohvxp4eon/
1157,성남시 수정구_꽃도령통신,성남시 수정구,https://www.daangn.com/kr/local-profile/%EA%BD%83%EB%8F%84%EB%A0%B9%ED%86%B5%EC%8B%A0-xf7o7ac75bz5/
1158,성남시 수정구_꽃도령통신,성남시 수정구,https://www.daangn.com/kr/local-profile/%EA%BD%83%EB%8F%84%EB%A0%B9%ED%86%B5%EC%8B%A0-xf7o7ac75bz5/
1159,성남시 수정구_꽃도령통신,성남시 수정구,https://www.daangn.com/kr/local-profile/%EA%BD%83%EB%8F%84%EB%A0%B9%ED%86%B5%EC%8B%A0-xf7o7ac75bz5/
1160,성남시 수정구_대박통신 위례점,성남시 수정구,https://www.daangn.com/kr/local-profile/%EB%8C%80%EB%B0%95%ED%86%B5%EC%8B%A0-%EC%9C%84%EB%A1%80%EC%A0%90-buhkw3o1k5nn/
1161,성남시 수정구_순수디케이스마트폰,성남시 수정구,https://www.daangn.com/kr/local-profile/%EC%88%9C%EC%88%98%EB%94%94%EC%BC%80%EC%9D%B4%EC%8A%A4%EB%A7%88%ED%8A%B8%ED%8F%B0-zurkta4n7wa6/
1162,성남시 수정구_오케이(OK)모바일,성남시 수정구,https://www.daangn.com/kr/local-profile/%EC%98%A4%EC%BC%80%EC%9D%B4-ok-%EB%AA%A8%EB%B0%94%EC%9D%BC-hydt3tmg7u3v/
1163,성남시 수정구_지원네트웍스,성남시 수정구,https://www.daangn.com/kr/local-profile/%EC%A7%80%EC%9B%90%EB%84%A4%ED%8A%B8%EC%9B%8D%EC%8A%A4-m21pbfa2spvs/
1164,성남시 수정구_캐럿마켓,성남시 수정구,https://www.daangn.com/kr/local-profile/%EC%BA%90%EB%9F%BF%EB%A7%88%EC%BC%93-xsz769ewtd7u/
1165,성남시 수정구_파워컴(주),성남시 수정구,https://www.daangn.com/kr/local-profile/%ED%8C%8C%EC%9B%8C%EC%BB%B4-%EC%A3%BC-jgxw725vgkyc/
1166,성남시 수정구_폰톡,성남시 수정구,https://www.daangn.com/kr/local-profile/%ED%8F%B0%ED%86%A1-rnzsgpz2ctri/
1167,성남시 수정구_핸드폰클리닉 위례점,성남시 수정구,https://www.daangn.com/kr/local-profile/%ED%95%B8%EB%93%9C%ED%8F%B0%ED%81%B4%EB%A6%AC%EB%8B%89-%EC%9C%84%EB%A1%80%EC%A0%90-4ekq58p789ye/
1168,성남시 중원구_(주)엠케이아이엔씨,성남시 중원구,https://www.daangn.com/kr/local-profile/%EC%A3%BC-%EC%97%A0%EC%BC%80%EC%9D%B4%EC%95%84%EC%9D%B4%EC%97%94%EC%94%A8-15yvxd22ghkv/
1169,성남시 중원구_LG유플러스 모란역점,성남시 중원구,https://www.daangn.com/kr/local-profile/lg%EC%9C%A0%ED%94%8C%EB%9F%AC%EC%8A%A4-%EB%AA%A8%EB%9E%80%EC%97%AD%EC%A0%90-t4rcbe8gcmsc/
1170,성남시 중원구_가람월드,성남시 중원구,https://www.daangn.com/kr/local-profile/%EA%B0%80%EB%9E%8C%EC%9B%94%EB%93%9C-ovk6c17hbeyd/
1171,성남시 중원구_네오정보통신,성남시 중원구,https://www.daangn.com/kr/local-profile/%EB%84%A4%EC%98%A4%EC%A0%95%EB%B3%B4%ED%86%B5%EC%8B%A0-vb89j2ngrna3/
1172,성남시 중원구_대원모바일,성남시 중원구,https://www.daangn.com/kr/local-profile/%EB%8C%80%EC%9B%90%EB%AA%A8%EB%B0%94%EC%9D%BC-44cjcca6v65y/
1173,성남시 중원구_디지싸본점,성남시 중원구,https://www.daangn.com/kr/local-profile/%EB%94%94%EC%A7%80%EC%8B%B8%EB%B3%B8%EC%A0%90-xebxwj5gm1r7/
1174,성남시 중원구_마피아모바일EX,성남시 중원구,https://www.daangn.com/kr/local-profile/%EB%A7%88%ED%94%BC%EC%95%84%EB%AA%A8%EB%B0%94%EC%9D%BCex-i539iwoteigk/
1175,성남시 중원구_몬스터폰,성남시 중원구,https://www.daangn.com/kr/local-profile/%EB%AA%AC%EC%8A%A4%ED%84%B0%ED%8F%B0-yyj9wvh6c9re/
1176,성남시 중원구_성남 이지모바일,성남시 중원구,https://www.daangn.com/kr/local-profile/%EC%84%B1%EB%82%A8-%EC%9D%B4%EC%A7%80%EB%AA%A8%EB%B0%94%EC%9D%BC-2rdncphxz7nu/
1177,성남시 중원구_성남통신,성남시 중원구,https://www.daangn.com/kr/local-profile/%EC%84%B1%EB%82%A8%ED%86%B5%EC%8B%A0-q7q97yu6ynvc/
1178,성남시 중원구_에스와이SY모바일,성남시 중원구,https://www.daangn.com/kr/local-profile/%EC%97%90%EC%8A%A4%EC%99%80%EC%9D%B4sy%EB%AA%A8%EB%B0%94%EC%9D%BC-pqwhhnxab6o2/
1179,성남시 중원구_에이알AR모바일,성남시 중원구,https://www.daangn.com/kr/local-profile/%EC%97%90%EC%9D%B4%EC%95%8Car%EB%AA%A8%EB%B0%94%EC%9D%BC-enj8wiqtrb2s/
1180,성남시 중원구_휴대폰성지 옆커폰 성남모란점,성남시 중원구,https://www.daangn.com/kr/local-profile/%ED%9C%B4%EB%8C%80%ED%8F%B0%EC%84%B1%EC%A7%80-%EC%98%86%EC%BB%A4%ED%8F%B0-%EC%84%B1%EB%82%A8%EB%AA%A8%EB%9E%80%EC%A0%90-4btr9yoe4y22/
1181,성남시 중원구_휴대폰성지모두의폰,성남시 중원구,https://www.daangn.com/kr/local-profile/%ED%9C%B4%EB%8C%80%ED%8F%B0%EC%84%B1%EC%A7%80%EB%AA%A8%EB%91%90%EC%9D%98%ED%8F%B0-77urawbqwdwf/
1182,성지특 가구_퓨리모바일,성지특 가구,https://www.daangn.com/kr/local-profile/%ED%93%A8%EB%A6%AC%EB%AA%A8%EB%B0%94%EC%9D%BC-p9vwkghshem1/
1183,성지특 가구_휴대폰성지 옆커폰 용인상현점,성지특 가구,https://www.daangn.com/kr/local-profile/%ED%9C%B4%EB%8C%80%ED%8F%B0%EC%84%B1%EC%A7%80-%EC%98%86%EC%BB%A4%ED%8F%B0-%EC%9A%A9%EC%9D%B8%EC%83%81%ED%98%84%EC%A0%90-ebtb8wr5o5ai/
1184,소식을 누구_선봉모바일7호점,소식을 누구,https://www.daangn.com/kr/local-profile/%EC%84%A0%EB%B4%89%EB%AA%A8%EB%B0%94%EC%9D%BC7%ED%98%B8%EC%A0%90-x95461n2z56b/
1185,솔직하신사장님 좋은구_방교폰,솔직하신사장님 좋은구,https://www.daangn.com/kr/local-profile/%EB%B0%A9%EA%B5%90%ED%8F%B0-nw574uitjqbc/
1186,수리 대구_KT,수리 대구,https://www.daangn.com/kr/local-profile/kt-uabm5pasg9ok/
1187,수리 대구_K모바일(휴대폰성지),수리 대구,https://www.daangn.com/kr/local-profile/k%EB%AA%A8%EB%B0%94%EC%9D%BC-%ED%9C%B4%EB%8C%80%ED%8F%B0%EC%84%B1%EC%A7%80-inegr592mh5s/
1188,수리 대구_경산인터넷가입센터,수리 대구,https://www.daangn.com/kr/local-profile/%EA%B2%BD%EC%82%B0%EC%9D%B8%ED%84%B0%EB%84%B7%EA%B0%80%EC%9E%85%EC%84%BC%ED%84%B0-xyer8tzi72pp/
1189,수리 대구_스타통신,수리 대구,https://www.daangn.com/kr/local-profile/%EC%8A%A4%ED%83%80%ED%86%B5%EC%8B%A0-v3ph3x6eoh31/
1190,수리 대구_쌍둥이폰마트,수리 대구,https://www.daangn.com/kr/local-profile/%EC%8C%8D%EB%91%A5%EC%9D%B4%ED%8F%B0%EB%A7%88%ED%8A%B8-g1t1gk6eaphn/
1191,수리 대구_연희통신,수리 대구,https://www.daangn.com/kr/local-profile/%EC%97%B0%ED%9D%AC%ED%86%B5%EC%8B%A0-jftzezbk57ph/
1192,수리 대구_우리동네폰집,수리 대구,https://www.daangn.com/kr/local-profile/%EC%9A%B0%EB%A6%AC%EB%8F%99%EB%84%A4%ED%8F%B0%EC%A7%91-piry19bqwar5/
1193,수리 대구_최가통신,수리 대구,https://www.daangn.com/kr/local-profile/%EC%B5%9C%EA%B0%80%ED%86%B5%EC%8B%A0-zrrfygj4zma1/
1194,수리 대구_컴퓨터노트북재능기부센터,수리 대구,https://www.daangn.com/kr/local-profile/%EC%BB%B4%ED%93%A8%ED%84%B0%EB%85%B8%ED%8A%B8%EB%B6%81%EC%9E%AC%EB%8A%A5%EA%B8%B0%EB%B6%80%EC%84%BC%ED%84%B0-41owrqxonpdo/
1195,수리 대구_행운모바일,수리 대구,https://www.daangn.com/kr/local-profile/%ED%96%89%EC%9A%B4%EB%AA%A8%EB%B0%94%EC%9D%BC-h1ye9tx4kd7g/
1196,수원시 권선구_(H&J)모바일,수원시 권선구,https://www.daangn.com/kr/local-profile/h-j-%EB%AA%A8%EB%B0%94%EC%9D%BC-4say65pwze92/
1197,수원시 권선구_두꺼비수거,수원시 권선구,https://www.daangn.com/kr/local-profile/%EB%91%90%EA%BA%BC%EB%B9%84%EC%88%98%EA%B1%B0-2s745z66n2n2/
1198,수원시 권선구_매교 대박폰,수원시 권선구,https://www.daangn.com/kr/local-profile/%EB%A7%A4%EA%B5%90-%EB%8C%80%EB%B0%95%ED%8F%B0-7xg5botfcw8k/
1199,수원시 권선구_브로,수원시 권선구,https://www.daangn.com/kr/local-profile/%EB%B8%8C%EB%A1%9C-5yqe6hhjc927/
1200,수원시 권선구_에이스모바일,수원시 권선구,https://www.daangn.com/kr/local-profile/%EC%97%90%EC%9D%B4%EC%8A%A4%EB%AA%A8%EB%B0%94%EC%9D%BC-gqs6socrg4oo/
1201,수원시 권선구_카드단말기 포스 키오스크 무선단말기,수원시 권선구,https://www.daangn.com/kr/local-profile/%EC%B9%B4%EB%93%9C%EB%8B%A8%EB%A7%90%EA%B8%B0-%ED%8F%AC%EC%8A%A4-%ED%82%A4%EC%98%A4%EC%8A%A4%ED%81%AC-%EB%AC%B4%EC%84%A0%EB%8B%A8%EB%A7%90%EA%B8%B0-hza2vj8f1ydb/
1202,수원시 권선구_케이스토어 권선점,수원시 권선구,https://www.daangn.com/kr/local-profile/%EC%BC%80%EC%9D%B4%EC%8A%A4%ED%86%A0%EC%96%B4-%EA%B6%8C%EC%84%A0%EC%A0%90-ivf9vqgz5jaj/
1203,수원시 권선구_태성모바일,수원시 권선구,https://www.daangn.com/kr/local-profile/%ED%83%9C%EC%84%B1%EB%AA%A8%EB%B0%94%EC%9D%BC-hi6b8kiuqfjf/
1204,수원시 권선구_투데이모바일,수원시 권선구,https://www.daangn.com/kr/local-profile/%ED%88%AC%EB%8D%B0%EC%9D%B4%EB%AA%A8%EB%B0%94%EC%9D%BC-ghfb218g5ug9/
1205,수원시 권선구_퍼펙트컴퍼니,수원시 권선구,https://www.daangn.com/kr/local-profile/%ED%8D%BC%ED%8E%99%ED%8A%B8%EC%BB%B4%ED%8D%BC%EB%8B%88-yan5vxkthhon/
1206,수원시 권선구_형제통신T shop,수원시 권선구,https://www.daangn.com/kr/local-profile/%ED%98%95%EC%A0%9C%ED%86%B5%EC%8B%A0t-shop-ert95pmtup56/
1207,수원시 권선구_휴대폰 꿀성지 권선점,수원시 권선구,https://www.daangn.com/kr/local-profile/%ED%9C%B4%EB%8C%80%ED%8F%B0-%EA%BF%80%EC%84%B1%EC%A7%80-%EA%B6%8C%EC%84%A0%EC%A0%90-hk9bbai62swp/
1208,수원시 영통구_1등폰 망포점,수원시 영통구,https://www.daangn.com/kr/local-profile/1%EB%93%B1%ED%8F%B0-%EB%A7%9D%ED%8F%AC%EC%A0%90-ys4j5o4ya8gt/
1209,수원시 영통구_LG유플러스 매탄동 매탄시장점,수원시 영통구,https://www.daangn.com/kr/local-profile/lg%EC%9C%A0%ED%94%8C%EB%9F%AC%EC%8A%A4-%EB%A7%A4%ED%83%84%EB%8F%99-%EB%A7%A4%ED%83%84%EC%8B%9C%EC%9E%A5%EC%A0%90-ex71hugxepz8/
1210,수원시 영통구_광교 휴대폰 백화점,수원시 영통구,https://www.daangn.com/kr/local-profile/%EA%B4%91%EA%B5%90-%ED%9C%B4%EB%8C%80%ED%8F%B0-%EB%B0%B1%ED%99%94%EC%A0%90-yfs7jsyo6jxa/
1211,수원시 영통구_광교휴대폰성지모두의폰,수원시 영통구,https://www.daangn.com/kr/local-profile/%EA%B4%91%EA%B5%90%ED%9C%B4%EB%8C%80%ED%8F%B0%EC%84%B1%EC%A7%80%EB%AA%A8%EB%91%90%EC%9D%98%ED%8F%B0-ec7r552xuf6a/
1212,수원시 영통구_기가텔레콤,수원시 영통구,https://www.daangn.com/kr/local-profile/%EA%B8%B0%EA%B0%80%ED%85%94%EB%A0%88%EC%BD%A4-y8s9mik2arvu/
1213,수원시 영통구_나린모바일,수원시 영통구,https://www.daangn.com/kr/local-profile/%EB%82%98%EB%A6%B0%EB%AA%A8%EB%B0%94%EC%9D%BC-iurk2hifo76w/
1214,수원시 영통구_모바일MZ,수원시 영통구,https://www.daangn.com/kr/local-profile/%EB%AA%A8%EB%B0%94%EC%9D%BCmz-nzqzrgowdyde/
1215,수원시 영통구_삼성it,수원시 영통구,https://www.daangn.com/kr/local-profile/%EC%82%BC%EC%84%B1it-af2oqu48m11z/
1216,수원시 영통구_이스트,수원시 영통구,https://www.daangn.com/kr/local-profile/%EC%9D%B4%EC%8A%A4%ED%8A%B8-krej6zmpmgga/
1217,수원시 영통구_인터넷성지,수원시 영통구,https://www.daangn.com/kr/local-profile/%EC%9D%B8%ED%84%B0%EB%84%B7%EC%84%B1%EC%A7%80-n6qz2npj3aqs/
1218,수원시 영통구_정모바일,수원시 영통구,https://www.daangn.com/kr/local-profile/%EC%A0%95%EB%AA%A8%EB%B0%94%EC%9D%BC-pf4ay6nc8s33/
1219,수원시 영통구_투데이 선불폰,수원시 영통구,https://www.daangn.com/kr/local-profile/%ED%88%AC%EB%8D%B0%EC%9D%B4-%EC%84%A0%EB%B6%88%ED%8F%B0-dv2e95wi2umo/
1220,수원시 영통구_티티모바일,수원시 영통구,https://www.daangn.com/kr/local-profile/%ED%8B%B0%ED%8B%B0%EB%AA%A8%EB%B0%94%EC%9D%BC-vm4ovqf4fb19/
1221,수원시 영통구_한국통신,수원시 영통구,https://www.daangn.com/kr/local-profile/%ED%95%9C%EA%B5%AD%ED%86%B5%EC%8B%A0-z3d5aq5yvt7n/
1222,수원시 장안구_DC마켓,수원시 장안구,https://www.daangn.com/kr/local-profile/dc%EB%A7%88%EC%BC%93-z9tgiwaxe9cz/
1223,수원시 장안구_명폰2호점,수원시 장안구,https://www.daangn.com/kr/local-profile/%EB%AA%85%ED%8F%B02%ED%98%B8%EC%A0%90-er99g7gm1bun/
1224,수원시 장안구_별빛통신,수원시 장안구,https://www.daangn.com/kr/local-profile/%EB%B3%84%EB%B9%9B%ED%86%B5%EC%8B%A0-23waq2n2htez/
1225,수원시 장안구_오케이모바일,수원시 장안구,https://www.daangn.com/kr/local-profile/%EC%98%A4%EC%BC%80%EC%9D%B4%EB%AA%A8%EB%B0%94%EC%9D%BC-x84onyr2msiw/
1226,수원시 장안구_우리모바일,수원시 장안구,https://www.daangn.com/kr/local-profile/%EC%9A%B0%EB%A6%AC%EB%AA%A8%EB%B0%94%EC%9D%BC-mn8u5438cufy/
1227,수원시 장안구_월드수원,수원시 장안구,https://www.daangn.com/kr/local-profile/%EC%9B%94%EB%93%9C%EC%88%98%EC%9B%90-7ztopntiuety/
1228,수원시 장안구_티와이모바일,수원시 장안구,https://www.daangn.com/kr/local-profile/%ED%8B%B0%EC%99%80%EC%9D%B4%EB%AA%A8%EB%B0%94%EC%9D%BC-q12m8kbtksvk/
1229,수원시 팔달구_내일은영업왕,수원시 팔달구,https://www.daangn.com/kr/local-profile/%EB%82%B4%EC%9D%BC%EC%9D%80%EC%98%81%EC%97%85%EC%99%95-ezcgeyqj51c9/
1230,수원시 팔달구_디와이텔레콤,수원시 팔달구,https://www.daangn.com/kr/local-profile/%EB%94%94%EC%99%80%EC%9D%B4%ED%85%94%EB%A0%88%EC%BD%A4-2xzpg971m9om/
1231,수원시 팔달구_소녀폰 수원역점,수원시 팔달구,https://www.daangn.com/kr/local-profile/%EC%86%8C%EB%85%80%ED%8F%B0-%EC%88%98%EC%9B%90%EC%97%AD%EC%A0%90-o63oj248s5fq/
1232,수원시 팔달구_수원폰성지,수원시 팔달구,https://www.daangn.com/kr/local-profile/%EC%88%98%EC%9B%90%ED%8F%B0%EC%84%B1%EC%A7%80-t4hpmg6dwnnf/
1233,수원시 팔달구_씨에이치모바일,수원시 팔달구,https://www.daangn.com/kr/local-profile/%EC%94%A8%EC%97%90%EC%9D%B4%EC%B9%98%EB%AA%A8%EB%B0%94%EC%9D%BC-81suhk9y6zh2/
1234,수원시 팔달구_아이나노Az,수원시 팔달구,https://www.daangn.com/kr/local-profile/%EC%95%84%EC%9D%B4%EB%82%98%EB%85%B8az-983ebatee4tg/
1235,수원시 팔달구_옆커폰 수원남문점,수원시 팔달구,https://www.daangn.com/kr/local-profile/%EC%98%86%EC%BB%A4%ED%8F%B0-%EC%88%98%EC%9B%90%EB%82%A8%EB%AC%B8%EC%A0%90-uc3w5thy273b/
1236,수원시 팔달구_오롯이모바일,수원시 팔달구,https://www.daangn.com/kr/local-profile/%EC%98%A4%EB%A1%AF%EC%9D%B4%EB%AA%A8%EB%B0%94%EC%9D%BC-fe9i34yqos7k/
1237,수원시 팔달구_와이스토어,수원시 팔달구,https://www.daangn.com/kr/local-profile/%EC%99%80%EC%9D%B4%EC%8A%A4%ED%86%A0%EC%96%B4-k11vefyhg2kx/
1238,수원시 팔달구_이슈,수원시 팔달구,https://www.daangn.com/kr/local-profile/%EC%9D%B4%EC%8A%88-433rfpi3agh5/
1239,수원시 팔달구_인계 휴대폰 할인매장,수원시 팔달구,https://www.daangn.com/kr/local-profile/%EC%9D%B8%EA%B3%84-%ED%9C%B4%EB%8C%80%ED%8F%B0-%ED%95%A0%EC%9D%B8%EB%A7%A4%EC%9E%A5-ogcmwsmrpnsp/
1240,수원시 팔달구_일신통신,수원시 팔달구,https://www.daangn.com/kr/local-profile/%EC%9D%BC%EC%8B%A0%ED%86%B5%EC%8B%A0-m5bx79fh7jyc/
1241,수원시 팔달구_정직한휴대폰,수원시 팔달구,https://www.daangn.com/kr/local-profile/%EC%A0%95%EC%A7%81%ED%95%9C%ED%9C%B4%EB%8C%80%ED%8F%B0-w3f4b4vtxvc8/
1242,수원시 팔달구_주식회사 라온아이,수원시 팔달구,https://www.daangn.com/kr/local-profile/%EC%A3%BC%EC%8B%9D%ED%9A%8C%EC%82%AC-%EB%9D%BC%EC%98%A8%EC%95%84%EC%9D%B4-o455gjyg37ro/
1243,수원시 팔달구_주식회사삼성스마트폰디에스인계점,수원시 팔달구,https://www.daangn.com/kr/local-profile/%EC%A3%BC%EC%8B%9D%ED%9A%8C%EC%82%AC%EC%82%BC%EC%84%B1%EC%8A%A4%EB%A7%88%ED%8A%B8%ED%8F%B0%EB%94%94%EC%97%90%EC%8A%A4%EC%9D%B8%EA%B3%84%EC%A0%90-t7r29wmvr3pd/
1244,수원시 팔달구_중직한사람들 수원팔달점,수원시 팔달구,https://www.daangn.com/kr/local-profile/%EC%A4%91%EC%A7%81%ED%95%9C%EC%82%AC%EB%9E%8C%EB%93%A4-%EC%88%98%EC%9B%90%ED%8C%94%EB%8B%AC%EC%A0%90-qzwnhms7mcnm/
1245,수원시 팔달구_팬더컴퍼니,수원시 팔달구,https://www.daangn.com/kr/local-profile/%ED%8C%AC%EB%8D%94%EC%BB%B4%ED%8D%BC%EB%8B%88-r5h1jw7tdg2b/
1246,수원시 팔달구_화서시장폰마트,수원시 팔달구,https://www.daangn.com/kr/local-profile/%ED%99%94%EC%84%9C%EC%8B%9C%EC%9E%A5%ED%8F%B0%EB%A7%88%ED%8A%B8-s9evv1cnugbt/
1247,싸 게구_양산 휴대폰 성지 옆커폰 중부점,싸 게구,https://www.daangn.com/kr/local-profile/%EC%96%91%EC%82%B0-%ED%9C%B4%EB%8C%80%ED%8F%B0-%EC%84%B1%EC%A7%80-%EC%98%86%EC%BB%A4%ED%8F%B0-%EC%A4%91%EB%B6%80%EC%A0%90-zmu6snrxmz4a/
1248,써비스도 있다구_해외출시폰할인매장,써비스도 있다구,https://www.daangn.com/kr/local-profile/%ED%95%B4%EC%99%B8%EC%B6%9C%EC%8B%9C%ED%8F%B0%ED%95%A0%EC%9D%B8%EB%A7%A4%EC%9E%A5-m85rodamxdgt/
1249,쓰던폰 판매하시려구_주식회사 모빌링,쓰던폰 판매하시려구,https://www.daangn.com/kr/local-profile/%EC%A3%BC%EC%8B%9D%ED%9A%8C%EC%82%AC-%EB%AA%A8%EB%B9%8C%EB%A7%81-96hxx4etqhxs/
1250,아이폰싼가격에 잘구_제이 텔레콤,아이폰싼가격에 잘구,https://www.daangn.com/kr/local-profile/%EC%A0%9C%EC%9D%B4-%ED%85%94%EB%A0%88%EC%BD%A4-qdi7zxjyysnu/
1251,안산시 단원구_맞춤통신,안산시 단원구,https://www.daangn.com/kr/local-profile/%EB%A7%9E%EC%B6%A4%ED%86%B5%EC%8B%A0-ivkhm7aqctcm/
1252,안산시 상록구_KT 크라운모바일 부곡점,안산시 상록구,https://www.daangn.com/kr/local-profile/kt-%ED%81%AC%EB%9D%BC%EC%9A%B4%EB%AA%A8%EB%B0%94%EC%9D%BC-%EB%B6%80%EA%B3%A1%EC%A0%90-bf9htzya2hnm/
1253,안양시 동안구_KT K-VIZERO,안양시 동안구,https://www.daangn.com/kr/local-profile/kt-k-vizero-pq22ouh68pyd/
1254,안양시 동안구_디엔에스모바일,안양시 동안구,https://www.daangn.com/kr/local-profile/%EB%94%94%EC%97%94%EC%97%90%EC%8A%A4%EB%AA%A8%EB%B0%94%EC%9D%BC-fiw4m78h3zxo/
1255,안양시 동안구_헌옷사는 호랭이,안양시 동안구,https://www.daangn.com/kr/local-profile/%ED%97%8C%EC%98%B7%EC%82%AC%EB%8A%94-%ED%98%B8%EB%9E%AD%EC%9D%B4-74t5v77qev3f/
1256,안양시 만안구_LJ힐링하우스,안양시 만안구,https://www.daangn.com/kr/local-profile/lj%ED%9E%90%EB%A7%81%ED%95%98%EC%9A%B0%EC%8A%A4-e5ya3kjm8ymx/
1257,안양시 만안구_당근모바일,안양시 만안구,https://www.daangn.com/kr/local-profile/%EB%8B%B9%EA%B7%BC%EB%AA%A8%EB%B0%94%EC%9D%BC-s5j57a2emutw/
1258,안양시 만안구_대교대리점 군포역점,안양시 만안구,https://www.daangn.com/kr/local-profile/%EB%8C%80%EA%B5%90%EB%8C%80%EB%A6%AC%EC%A0%90-%EA%B5%B0%ED%8F%AC%EC%97%AD%EC%A0%90-ziu1wtktpa7s/
1259,안양시 만안구_미카엘통신,안양시 만안구,https://www.daangn.com/kr/local-profile/%EB%AF%B8%EC%B9%B4%EC%97%98%ED%86%B5%EC%8B%A0-av7eacdbzk23/
1260,안양시 만안구_신영,안양시 만안구,https://www.daangn.com/kr/local-profile/%EC%8B%A0%EC%98%81-6w6urufmhw46/
1261,안양시 만안구_안양 휴대폰성지 옆커폰 안양점,안양시 만안구,https://www.daangn.com/kr/local-profile/%EC%95%88%EC%96%91-%ED%9C%B4%EB%8C%80%ED%8F%B0%EC%84%B1%EC%A7%80-%EC%98%86%EC%BB%A4%ED%8F%B0-%EC%95%88%EC%96%91%EC%A0%90-uqr4ceozjb9i/
1262,안양시 만안구_우기통신,안양시 만안구,https://www.daangn.com/kr/local-profile/%EC%9A%B0%EA%B8%B0%ED%86%B5%EC%8B%A0-8teafmg159vp/
1263,안양시 만안구_중고폰 에코폰 안양역점,안양시 만안구,https://www.daangn.com/kr/local-profile/%EC%A4%91%EA%B3%A0%ED%8F%B0-%EC%97%90%EC%BD%94%ED%8F%B0-%EC%95%88%EC%96%91%EC%97%AD%EC%A0%90-guffhdzeguxt/
1264,안양시 만안구_티앤피씨,안양시 만안구,https://www.daangn.com/kr/local-profile/%ED%8B%B0%EC%95%A4%ED%94%BC%EC%94%A8-rm61va83tzq5/
1265,안양시 만안구_폰에버,안양시 만안구,https://www.daangn.com/kr/local-profile/%ED%8F%B0%EC%97%90%EB%B2%84-ej9gbmhquyt2/
1266,안양시 만안구_휴대폰대통령,안양시 만안구,https://www.daangn.com/kr/local-profile/%ED%9C%B4%EB%8C%80%ED%8F%B0%EB%8C%80%ED%86%B5%EB%A0%B9-thj7trfgqq1e/
1267,액정보호필름도 무료로교환해드리구_탑정보통신,액정보호필름도 무료로교환해드리구,https://www.daangn.com/kr/local-profile/%ED%83%91%EC%A0%95%EB%B3%B4%ED%86%B5%EC%8B%A0-oy34uui1kuzg/
1268,앤 트구_(주)앤트구산점,앤 트구,https://www.daangn.com/kr/local-profile/%EC%A3%BC-%EC%95%A4%ED%8A%B8%EA%B5%AC%EC%82%B0%EC%A0%90-y481dkqwrmct/
1269,어느 누구_휴대폰 빅마켓,어느 누구,https://www.daangn.com/kr/local-profile/%ED%9C%B4%EB%8C%80%ED%8F%B0-%EB%B9%85%EB%A7%88%EC%BC%93-kxcfd9npoagt/
1270,어려운 가구_범이네헌옷,어려운 가구,https://www.daangn.com/kr/local-profile/%EB%B2%94%EC%9D%B4%EB%84%A4%ED%97%8C%EC%98%B7-1yr4ekj74e8y/
1271,에스티제이 수지구_(주)에스티제이 수지구청점,에스티제이 수지구,https://www.daangn.com/kr/local-profile/%EC%A3%BC-%EC%97%90%EC%8A%A4%ED%8B%B0%EC%A0%9C%EC%9D%B4-%EC%88%98%EC%A7%80%EA%B5%AC%EC%B2%AD%EC%A0%90-o1o9ajyep2np/
1272,에코폰수성점 수성구_에코폰수성점 수성구아이폰수리,에코폰수성점 수성구,https://www.daangn.com/kr/local-profile/%EC%97%90%EC%BD%94%ED%8F%B0%EC%88%98%EC%84%B1%EC%A0%90-%EC%88%98%EC%84%B1%EA%B5%AC%EC%95%84%EC%9D%B4%ED%8F%B0%EC%88%98%EB%A6%AC-gi4saforbr3p/
1273,엘지유플러스 지금지구_엘지유플러스 지금지구점,엘지유플러스 지금지구,https://www.daangn.com/kr/local-profile/%EC%97%98%EC%A7%80%EC%9C%A0%ED%94%8C%EB%9F%AC%EC%8A%A4-%EC%A7%80%EA%B8%88%EC%A7%80%EA%B5%AC%EC%A0%90-x8s5kdjz463e/
1274,여 러군_제이엠원,여 러군,https://www.daangn.com/kr/local-profile/%EC%A0%9C%EC%9D%B4%EC%97%A0%EC%9B%90-pk8fexx6ejo8/
1275,여러가지 챙겨주셨구_이순신텔레콤,여러가지 챙겨주셨구,https://www.daangn.com/kr/local-profile/%EC%9D%B4%EC%88%9C%EC%8B%A0%ED%85%94%EB%A0%88%EC%BD%A4-zgdeyzq6jqzn/
1276,연락주셔서 잘구_새한모바일배곧점,연락주셔서 잘구,https://www.daangn.com/kr/local-profile/%EC%83%88%ED%95%9C%EB%AA%A8%EB%B0%94%EC%9D%BC%EB%B0%B0%EA%B3%A7%EC%A0%90-rx21jvxsp851/
1277,옆커폰 광주남구_옆커폰 광주남구점,옆커폰 광주남구,https://www.daangn.com/kr/local-profile/%EC%98%86%EC%BB%A4%ED%8F%B0-%EA%B4%91%EC%A3%BC%EB%82%A8%EA%B5%AC%EC%A0%90-kkt6pjckynjk/
1278,옆커폰 남구_휴대폰성지 옆커폰 남구계명대점,옆커폰 남구,https://www.daangn.com/kr/local-profile/%ED%9C%B4%EB%8C%80%ED%8F%B0%EC%84%B1%EC%A7%80-%EC%98%86%EC%BB%A4%ED%8F%B0-%EB%82%A8%EA%B5%AC%EA%B3%84%EB%AA%85%EB%8C%80%EC%A0%90-9bfxrnb3y461/
1279,옆커폰 대구_휴대폰성지 옆커폰 대구장기점,옆커폰 대구,https://www.daangn.com/kr/local-profile/%ED%9C%B4%EB%8C%80%ED%8F%B0%EC%84%B1%EC%A7%80-%EC%98%86%EC%BB%A4%ED%8F%B0-%EB%8C%80%EA%B5%AC%EC%9E%A5%EA%B8%B0%EC%A0%90-sq6m86sjt1a9/
1280,옆커폰성지 광주광산구_옆커폰성지 광주광산구점,옆커폰성지 광주광산구,https://www.daangn.com/kr/local-profile/%EC%98%86%EC%BB%A4%ED%8F%B0%EC%84%B1%EC%A7%80-%EA%B4%91%EC%A3%BC%EA%B4%91%EC%82%B0%EA%B5%AC%EC%A0%90-iqpwrtv6yjwm/
1281,오락게임 기구_엔플러그 게임기배달,오락게임 기구,https://www.daangn.com/kr/local-profile/%EC%97%94%ED%94%8C%EB%9F%AC%EA%B7%B8-%EA%B2%8C%EC%9E%84%EA%B8%B0%EB%B0%B0%EB%8B%AC-yth2zg8ickjv/
1282,오케이중고폰 강서구_오케이중고폰 강서구점,오케이중고폰 강서구,https://www.daangn.com/kr/local-profile/%EC%98%A4%EC%BC%80%EC%9D%B4%EC%A4%91%EA%B3%A0%ED%8F%B0-%EA%B0%95%EC%84%9C%EA%B5%AC%EC%A0%90-vbntkw316mwa/
1283,요금체납 누구_폰부스 직영점,요금체납 누구,https://www.daangn.com/kr/local-profile/%ED%8F%B0%EB%B6%80%EC%8A%A4-%EC%A7%81%EC%98%81%EC%A0%90-tp2eb7eybxzy/
1284,용이텔레콤 반구_휴대폰성지 용이텔레콤 반구점,용이텔레콤 반구,https://www.daangn.com/kr/local-profile/%ED%9C%B4%EB%8C%80%ED%8F%B0%EC%84%B1%EC%A7%80-%EC%9A%A9%EC%9D%B4%ED%85%94%EB%A0%88%EC%BD%A4-%EB%B0%98%EA%B5%AC%EC%A0%90-xmc9z74avafx/
1285,용인시 기흥구_용인휴대폰성지 도매아울렛 7호점,용인시 기흥구,https://www.daangn.com/kr/local-profile/%EC%9A%A9%EC%9D%B8%ED%9C%B4%EB%8C%80%ED%8F%B0%EC%84%B1%EC%A7%80-%EB%8F%84%EB%A7%A4%EC%95%84%EC%9A%B8%EB%A0%9B-7%ED%98%B8%EC%A0%90-df1h658ii28w/
1286,용인시 기흥구_휴대폰할인매장 보라동 노브랜드점,용인시 기흥구,https://www.daangn.com/kr/local-profile/%ED%9C%B4%EB%8C%80%ED%8F%B0%ED%95%A0%EC%9D%B8%EB%A7%A4%EC%9E%A5-%EB%B3%B4%EB%9D%BC%EB%8F%99-%EB%85%B8%EB%B8%8C%EB%9E%9C%EB%93%9C%EC%A0%90-r6zdv2azq6pz/
1287,"용인시 수지구_LGU+ 휴대폰,인터넷 성지",용인시 수지구,https://www.daangn.com/kr/local-profile/lgu-%ED%9C%B4%EB%8C%80%ED%8F%B0-%EC%9D%B8%ED%84%B0%EB%84%B7-%EC%84%B1%EC%A7%80-tjv1bhcbfthc/
1288,용인시 수지구_광교우미폰마트,용인시 수지구,https://www.daangn.com/kr/local-profile/%EA%B4%91%EA%B5%90%EC%9A%B0%EB%AF%B8%ED%8F%B0%EB%A7%88%ED%8A%B8-1aivk7kb91zw/
1289,"용인시 수지구_노란마켓 중고폰, 아이폰수리 용인점",용인시 수지구,https://www.daangn.com/kr/local-profile/%EB%85%B8%EB%9E%80%EB%A7%88%EC%BC%93-%EC%A4%91%EA%B3%A0%ED%8F%B0-%EC%95%84%EC%9D%B4%ED%8F%B0%EC%88%98%EB%A6%AC-%EC%9A%A9%EC%9D%B8%EC%A0%90-7u37zk4ffccp/
1290,용인시 수지구_서기텔레콤,용인시 수지구,https://www.daangn.com/kr/local-profile/%EC%84%9C%EA%B8%B0%ED%85%94%EB%A0%88%EC%BD%A4-qswh8a2myd39/
1291,용인시 수지구_수지휴대폰성지 창고형핸드폰,용인시 수지구,https://www.daangn.com/kr/local-profile/%EC%88%98%EC%A7%80%ED%9C%B4%EB%8C%80%ED%8F%B0%EC%84%B1%EC%A7%80-%EC%B0%BD%EA%B3%A0%ED%98%95%ED%95%B8%EB%93%9C%ED%8F%B0-gx13g543cvtf/
1292,용인시 수지구_싸다폰,용인시 수지구,https://www.daangn.com/kr/local-profile/%EC%8B%B8%EB%8B%A4%ED%8F%B0-sqtgvjcwrnnk/
1293,용인시 수지구_용인휴대폰성지 일등폰 수지점,용인시 수지구,https://www.daangn.com/kr/local-profile/%EC%9A%A9%EC%9D%B8%ED%9C%B4%EB%8C%80%ED%8F%B0%EC%84%B1%EC%A7%80-%EC%9D%BC%EB%93%B1%ED%8F%B0-%EC%88%98%EC%A7%80%EC%A0%90-6qgi692hmve7/
1294,용인시 수지구_중직한사람들 용인수지점,용인시 수지구,https://www.daangn.com/kr/local-profile/%EC%A4%91%EC%A7%81%ED%95%9C%EC%82%AC%EB%9E%8C%EB%93%A4-%EC%9A%A9%EC%9D%B8%EC%88%98%EC%A7%80%EC%A0%90-xbuk13qa67b9/
1295,용인시 수지구_휴대폰성지 옆커폰 용인수지점,용인시 수지구,https://www.daangn.com/kr/local-profile/%ED%9C%B4%EB%8C%80%ED%8F%B0%EC%84%B1%EC%A7%80-%EC%98%86%EC%BB%A4%ED%8F%B0-%EC%9A%A9%EC%9D%B8%EC%88%98%EC%A7%80%EC%A0%90-cwehmmhtfysn/
1296,용인시 수지구_휴대폰성지죽전점,용인시 수지구,https://www.daangn.com/kr/local-profile/%ED%9C%B4%EB%8C%80%ED%8F%B0%EC%84%B1%EC%A7%80%EC%A3%BD%EC%A0%84%EC%A0%90-ebchqq97mudx/
1335,울산 울주군_SKT 금호대리점 남창점,울산 울주군,https://www.daangn.com/kr/local-profile/skt-%EA%B8%88%ED%98%B8%EB%8C%80%EB%A6%AC%EC%A0%90-%EB%82%A8%EC%B0%BD%EC%A0%90-chp54wtfface/
1336,울산 울주군_SK텔레콤언양대리점,울산 울주군,https://www.daangn.com/kr/local-profile/sk%ED%85%94%EB%A0%88%EC%BD%A4%EC%96%B8%EC%96%91%EB%8C%80%EB%A6%AC%EC%A0%90-ba67rvihaj78/
1337,울산 울주군_알뜰휴대폰,울산 울주군,https://www.daangn.com/kr/local-profile/%EC%95%8C%EB%9C%B0%ED%9C%B4%EB%8C%80%ED%8F%B0-o26patv9ohyc/
1338,울산 울주군_온산컴퓨터앤폰,울산 울주군,https://www.daangn.com/kr/local-profile/%EC%98%A8%EC%82%B0%EC%BB%B4%ED%93%A8%ED%84%B0%EC%95%A4%ED%8F%B0-z9muor4trc7q/
1339,울산 울주군_퍼펙트모바일,울산 울주군,https://www.daangn.com/kr/local-profile/%ED%8D%BC%ED%8E%99%ED%8A%B8%EB%AA%A8%EB%B0%94%EC%9D%BC-jxoap7r4bazf/
1340,울산 울주군_펭귄폰 본점,울산 울주군,https://www.daangn.com/kr/local-profile/%ED%8E%AD%EA%B7%84%ED%8F%B0-%EB%B3%B8%EC%A0%90-zzr6dy8dd4k6/
1341,울산 울주군_휴대폰성지,울산 울주군,https://www.daangn.com/kr/local-profile/%ED%9C%B4%EB%8C%80%ED%8F%B0%EC%84%B1%EC%A7%80-7x2xobeghsf7/
1342,울산 울주군_휴폰성지 틈사이휴대폰 언양점,울산 울주군,https://www.daangn.com/kr/local-profile/%ED%9C%B4%ED%8F%B0%EC%84%B1%EC%A7%80-%ED%8B%88%EC%82%AC%EC%9D%B4%ED%9C%B4%EB%8C%80%ED%8F%B0-%EC%96%B8%EC%96%91%EC%A0%90-7amuug5dh7xk/
1352,원 미구_씨엔아이(CNI),원 미구,https://www.daangn.com/kr/local-profile/%EC%94%A8%EC%97%94%EC%95%84%EC%9D%B4-cni-epvg9kr9zo94/
1353,원두커피는 기본이구_현텔레콤,원두커피는 기본이구,https://www.daangn.com/kr/local-profile/%ED%98%84%ED%85%94%EB%A0%88%EC%BD%A4-gkfh2p97qqu4/
1354,월 강동구_LGU+,월 강동구,https://www.daangn.com/kr/local-profile/lgu-734dfjho64yf/
1355,유플러스 강서구_LG유플러스 강서구청직영점,유플러스 강서구,https://www.daangn.com/kr/local-profile/lg%EC%9C%A0%ED%94%8C%EB%9F%AC%EC%8A%A4-%EA%B0%95%EC%84%9C%EA%B5%AC%EC%B2%AD%EC%A7%81%EC%98%81%EC%A0%90-hfxjoarngiaa/
1356,유플러스 영등포구_LG유플러스 영등포구청역점,유플러스 영등포구,https://www.daangn.com/kr/local-profile/lg%EC%9C%A0%ED%94%8C%EB%9F%AC%EC%8A%A4-%EC%98%81%EB%93%B1%ED%8F%AC%EA%B5%AC%EC%B2%AD%EC%97%AD%EC%A0%90-gwfdfcwkb4rw/
1357,의정부 명성데이터복구_KDT 의정부 명성데이터복구,의정부 명성데이터복구,https://www.daangn.com/kr/local-profile/kdt-%EC%9D%98%EC%A0%95%EB%B6%80-%EB%AA%85%EC%84%B1%EB%8D%B0%EC%9D%B4%ED%84%B0%EB%B3%B5%EA%B5%AC-ki3d3qpzd1us/
1358,이래서 성지구_휴대폰성지,이래서 성지구,https://www.daangn.com/kr/local-profile/%ED%9C%B4%EB%8C%80%ED%8F%B0%EC%84%B1%EC%A7%80-3ugruoakz83h/
1486,작성 개인구_엄지컴퓨터,작성 개인구,https://www.daangn.com/kr/local-profile/%EC%97%84%EC%A7%80%EC%BB%B4%ED%93%A8%ED%84%B0-8m9cnfyw5tyb/
1487,재방문 의사있구_휴대폰1번가,재방문 의사있구,https://www.daangn.com/kr/local-profile/%ED%9C%B4%EB%8C%80%ED%8F%B01%EB%B2%88%EA%B0%80-1znq49yu5ts9/
1488,저렴하게 잘구_휴대폰성지 S모바일,저렴하게 잘구,https://www.daangn.com/kr/local-profile/%ED%9C%B4%EB%8C%80%ED%8F%B0%EC%84%B1%EC%A7%80-s%EB%AA%A8%EB%B0%94%EC%9D%BC-bvmvonz4oc7j/
1489,저렴하게 잘구_휴대폰클라쓰 평택시청점,저렴하게 잘구,https://www.daangn.com/kr/local-profile/%ED%9C%B4%EB%8C%80%ED%8F%B0%ED%81%B4%EB%9D%BC%EC%93%B0-%ED%8F%89%ED%83%9D%EC%8B%9C%EC%B2%AD%EC%A0%90-yrws9b7how8b/
1490,전라남도 장성군_헌옷총각,전라남도 장성군,https://www.daangn.com/kr/local-profile/%ED%97%8C%EC%98%B7%EC%B4%9D%EA%B0%81-ncosjhuq7tmj/
1491,젊은 친구_사계절폰 대야미점,젊은 친구,https://www.daangn.com/kr/local-profile/%EC%82%AC%EA%B3%84%EC%A0%88%ED%8F%B0-%EB%8C%80%EC%95%BC%EB%AF%B8%EC%A0%90-i3hfy9sachgn/
1492,정말싸게 구매했구_호원에이치모바일,정말싸게 구매했구,https://www.daangn.com/kr/local-profile/%ED%98%B8%EC%9B%90%EC%97%90%EC%9D%B4%EC%B9%98%EB%AA%A8%EB%B0%94%EC%9D%BC-zq93odywwnwr/
1493,정보데이터 영구_아프리카중고폰 주안점,정보데이터 영구,https://www.daangn.com/kr/local-profile/%EC%95%84%ED%94%84%EB%A6%AC%EC%B9%B4%EC%A4%91%EA%B3%A0%ED%8F%B0-%EC%A3%BC%EC%95%88%EC%A0%90-x5yu97zzz7h4/
1494,정직하게 장사하시는군_국대폰 신곡점,정직하게 장사하시는군,https://www.daangn.com/kr/local-profile/%EA%B5%AD%EB%8C%80%ED%8F%B0-%EC%8B%A0%EA%B3%A1%EC%A0%90-gg9f5rt7o8ao/
1495,제공해드립니다 친구_옆커폰 휴대폰성지 범일점_1,제공해드립니다 친구,https://www.daangn.com/kr/local-profile/%EC%98%86%EC%BB%A4%ED%8F%B0-%ED%9C%B4%EB%8C%80%ED%8F%B0%EC%84%B1%EC%A7%80-%EB%B2%94%EC%9D%BC%EC%A0%90-oi2ongcwhsk7/
1496,제일 괜찮더라구_비투텔레콤,제일 괜찮더라구,https://www.daangn.com/kr/local-profile/%EB%B9%84%ED%88%AC%ED%85%94%EB%A0%88%EC%BD%A4-jm9pvzupq21q/
1497,조건도 깔끔하구_휴대폰성지,조건도 깔끔하구,https://www.daangn.com/kr/local-profile/%ED%9C%B4%EB%8C%80%ED%8F%B0%EC%84%B1%EC%A7%80-9bkxxedcqiee/
1498,좋은가격 휴대폰구_덕봉모바일,좋은가격 휴대폰구,https://www.daangn.com/kr/local-profile/%EB%8D%95%EB%B4%89%EB%AA%A8%EB%B0%94%EC%9D%BC-f59xp4ar95nu/
1499,중고폰 매입구_중직한사람들 김해점,중고폰 매입구,https://www.daangn.com/kr/local-profile/%EC%A4%91%EC%A7%81%ED%95%9C%EC%82%AC%EB%9E%8C%EB%93%A4-%EA%B9%80%ED%95%B4%EC%A0%90-1h7b9wg9i9qs/
1500,중고폰매 입구_중직한사람들 부산지점,중고폰매 입구,https://www.daangn.com/kr/local-profile/%EC%A4%91%EC%A7%81%ED%95%9C%EC%82%AC%EB%9E%8C%EB%93%A4-%EB%B6%80%EC%82%B0%EC%A7%80%EC%A0%90-m7ir4bij34ow/
1501,중직한사람들 강서구_중직한사람들 강서구점_2,중직한사람들 강서구,https://www.daangn.com/kr/local-profile/%EC%A4%91%EC%A7%81%ED%95%9C%EC%82%AC%EB%9E%8C%EB%93%A4-%EA%B0%95%EC%84%9C%EA%B5%AC%EC%A0%90-aruhwxcsszjr/
1502,중직한사람들 광주북구_중직한사람들 광주북구점,중직한사람들 광주북구,https://www.daangn.com/kr/local-profile/%EC%A4%91%EC%A7%81%ED%95%9C%EC%82%AC%EB%9E%8C%EB%93%A4-%EA%B4%91%EC%A3%BC%EB%B6%81%EA%B5%AC%EC%A0%90-jsq9o6ryja2p/
1503,중직한사람들 대구_중직한사람들 대구점,중직한사람들 대구,https://www.daangn.com/kr/local-profile/%EC%A4%91%EC%A7%81%ED%95%9C%EC%82%AC%EB%9E%8C%EB%93%A4-%EB%8C%80%EA%B5%AC%EC%A0%90-wk6v4iwozzfu/
1504,줘서 아쉽더라구_이티(et)컴퍼니,줘서 아쉽더라구,https://www.daangn.com/kr/local-profile/%EC%9D%B4%ED%8B%B0-et-%EC%BB%B4%ED%8D%BC%EB%8B%88-g6vyvqrar1w5/
1505,지역명_매장명,지역명,링크
1506,지인소개등 재구_휴대폰할인매장,지인소개등 재구,https://www.daangn.com/kr/local-profile/%ED%9C%B4%EB%8C%80%ED%8F%B0%ED%95%A0%EC%9D%B8%EB%A7%A4%EC%9E%A5-28uj9e5iip7t/
1507,집앤클린은 대구_집앤클린,집앤클린은 대구,https://www.daangn.com/kr/local-profile/%EC%A7%91%EC%95%A4%ED%81%B4%EB%A6%B0-w1kdgp59hn5i/
1508,창원시 진해구_KT용원점,창원시 진해구,https://www.daangn.com/kr/local-profile/kt%EC%9A%A9%EC%9B%90%EC%A0%90-pqg43rt3wghr/
1509,창원시 진해구_세린텔레콤,창원시 진해구,https://www.daangn.com/kr/local-profile/%EC%84%B8%EB%A6%B0%ED%85%94%EB%A0%88%EC%BD%A4-prxqgatcenhc/
1510,창원시 진해구_조은휴대폰,창원시 진해구,https://www.daangn.com/kr/local-profile/%EC%A1%B0%EC%9D%80%ED%9C%B4%EB%8C%80%ED%8F%B0-qve23mq23cib/
1511,창천항로 동구_창천항로 동구점,창천항로 동구,https://www.daangn.com/kr/local-profile/%EC%B0%BD%EC%B2%9C%ED%95%AD%EB%A1%9C-%EB%8F%99%EA%B5%AC%EC%A0%90-94dr3ro469ti/
1512,챙기고 핸드폰구_내일은 영업왕,챙기고 핸드폰구,https://www.daangn.com/kr/local-profile/%EB%82%B4%EC%9D%BC%EC%9D%80-%EC%98%81%EC%97%85%EC%99%95-4s6j5mud5kc6/
1513,천안시 동남구_신방동 청년휴대폰,천안시 동남구,https://www.daangn.com/kr/local-profile/%EC%8B%A0%EB%B0%A9%EB%8F%99-%EC%B2%AD%EB%85%84%ED%9C%B4%EB%8C%80%ED%8F%B0-qftvgb3v2sxs/
1514,천안시 동남구_신방폰,천안시 동남구,https://www.daangn.com/kr/local-profile/%EC%8B%A0%EB%B0%A9%ED%8F%B0-dx7z9hynrrsu/
1515,천안시 동남구_원성휴대폰 원성폰,천안시 동남구,https://www.daangn.com/kr/local-profile/%EC%9B%90%EC%84%B1%ED%9C%B4%EB%8C%80%ED%8F%B0-%EC%9B%90%EC%84%B1%ED%8F%B0-t544m4co2eco/
1516,천안시 동남구_임별통신,천안시 동남구,https://www.daangn.com/kr/local-profile/%EC%9E%84%EB%B3%84%ED%86%B5%EC%8B%A0-wqvc9qxird3s/
1517,천안시 동남구_케이모바일 중앙시장점,천안시 동남구,https://www.daangn.com/kr/local-profile/%EC%BC%80%EC%9D%B4%EB%AA%A8%EB%B0%94%EC%9D%BC-%EC%A4%91%EC%95%99%EC%8B%9C%EC%9E%A5%EC%A0%90-vfyjmzx5n2cw/
1518,천안시 동남구_휴대폰도매몰,천안시 동남구,https://www.daangn.com/kr/local-profile/%ED%9C%B4%EB%8C%80%ED%8F%B0%EB%8F%84%EB%A7%A4%EB%AA%B0-pi6prhtx3t92/
1519,천안시 동남구_휴대폰마트,천안시 동남구,https://www.daangn.com/kr/local-profile/%ED%9C%B4%EB%8C%80%ED%8F%B0%EB%A7%88%ED%8A%B8-fpv811c1abcz/
1520,천안시 동남구_휴대폰마트 통정1호점,천안시 동남구,https://www.daangn.com/kr/local-profile/%ED%9C%B4%EB%8C%80%ED%8F%B0%EB%A7%88%ED%8A%B8-%ED%86%B5%EC%A0%951%ED%98%B8%EC%A0%90-1nqzqheq12th/
1521,천안시 동남구_휴대폰챔피언,천안시 동남구,https://www.daangn.com/kr/local-profile/%ED%9C%B4%EB%8C%80%ED%8F%B0%EC%B1%94%ED%94%BC%EC%96%B8-6obre52ums15/
1522,천안시 서북구_휴대폰아울렛 직산점,천안시 서북구,https://www.daangn.com/kr/local-profile/%ED%9C%B4%EB%8C%80%ED%8F%B0%EC%95%84%EC%9A%B8%EB%A0%9B-%EC%A7%81%EC%82%B0%EC%A0%90-jes3zet81c61/
1523,청주시 흥덕구_KT강서점,청주시 흥덕구,https://www.daangn.com/kr/local-profile/kt%EA%B0%95%EC%84%9C%EC%A0%90-tra4np9kcvut/
1524,청주시 흥덕구_KT라온 복대점,청주시 흥덕구,https://www.daangn.com/kr/local-profile/kt%EB%9D%BC%EC%98%A8-%EB%B3%B5%EB%8C%80%EC%A0%90-g5eua3wj4f4k/
1525,청주시 흥덕구_싸게파는집,청주시 흥덕구,https://www.daangn.com/kr/local-profile/%EC%8B%B8%EA%B2%8C%ED%8C%8C%EB%8A%94%EC%A7%91-n6czneqn9d8k/
1526,청주시 흥덕구_폰바오,청주시 흥덕구,https://www.daangn.com/kr/local-profile/%ED%8F%B0%EB%B0%94%EC%98%A4-7icqc98jhcsc/
1527,청주시 흥덕구_휴대폰할인매장,청주시 흥덕구,https://www.daangn.com/kr/local-profile/%ED%9C%B4%EB%8C%80%ED%8F%B0%ED%95%A0%EC%9D%B8%EB%A7%A4%EC%9E%A5-phk77vi5752x/
1528,초 기구_thest,초 기구,https://www.daangn.com/kr/local-profile/thest-3bxoen5svfyr/
1529,침수폰 데이터복구_중고폰뱅크 평택점,침수폰 데이터복구,https://www.daangn.com/kr/local-profile/%EC%A4%91%EA%B3%A0%ED%8F%B0%EB%B1%85%ED%81%AC-%ED%8F%89%ED%83%9D%EC%A0%90-p32486eczqos/
1530,카카오톡 플러스친구_병점모바일,카카오톡 플러스친구,https://www.daangn.com/kr/local-profile/%EB%B3%91%EC%A0%90%EB%AA%A8%EB%B0%94%EC%9D%BC-3o359zbo27az/
1531,테블릿 현장결제구_매입 24시 전국출장 아이폰 갤럭시 테블릿 현장결제구매,테블릿 현장결제구,https://www.daangn.com/kr/local-profile/%EB%A7%A4%EC%9E%85-24%EC%8B%9C-%EC%A0%84%EA%B5%AD%EC%B6%9C%EC%9E%A5-%EC%95%84%EC%9D%B4%ED%8F%B0-%EA%B0%A4%EB%9F%AD%EC%8B%9C-%ED%85%8C%EB%B8%94%EB%A6%BF-%ED%98%84%EC%9E%A5%EA%B2%B0%EC%A0%9C%EA%B5%AC%EB%A7%A4-jknic5mdzs6q/
1532,판매 점구_트로비통신,판매 점구,https://www.daangn.com/kr/local-profile/%ED%8A%B8%EB%A1%9C%EB%B9%84%ED%86%B5%EC%8B%A0-fnfnssaoa753/
1533,퍼 피구_반해모바일,퍼 피구,https://www.daangn.com/kr/local-profile/%EB%B0%98%ED%95%B4%EB%AA%A8%EB%B0%94%EC%9D%BC-h1ejwphv292t/
1534,평택시 관광특구_LG유플러스 송탄출장소점,평택시 관광특구,https://www.daangn.com/kr/local-profile/lg%EC%9C%A0%ED%94%8C%EB%9F%AC%EC%8A%A4-%EC%86%A1%ED%83%84%EC%B6%9C%EC%9E%A5%EC%86%8C%EC%A0%90-c76xpsdt2ak5/
1535,평택시 관광특구_평택 휴대폰성지 도매폰 샤인모바일 송탄출장소점,평택시 관광특구,https://www.daangn.com/kr/local-profile/%ED%8F%89%ED%83%9D-%ED%9C%B4%EB%8C%80%ED%8F%B0%EC%84%B1%EC%A7%80-%EB%8F%84%EB%A7%A4%ED%8F%B0-%EC%83%A4%EC%9D%B8%EB%AA%A8%EB%B0%94%EC%9D%BC-%EC%86%A1%ED%83%84%EC%B6%9C%EC%9E%A5%EC%86%8C%EC%A0%90-fiocxpefwvo4/
1536,평택시 관광특구_헤이폰 송탄점,평택시 관광특구,https://www.daangn.com/kr/local-profile/%ED%97%A4%EC%9D%B4%ED%8F%B0-%EC%86%A1%ED%83%84%EC%A0%90-s9b8jrwb82p2/
1537,평택시 특구_휴대폰성지 더싼집,평택시 특구,https://www.daangn.com/kr/local-profile/%ED%9C%B4%EB%8C%80%ED%8F%B0%EC%84%B1%EC%A7%80-%EB%8D%94%EC%8B%BC%EC%A7%91-3uxp7kx3rkkt/
1538,폐기물 가전가구_홈수거1톤,폐기물 가전가구,https://www.daangn.com/kr/local-profile/%ED%99%88%EC%88%98%EA%B1%B01%ED%86%A4-jhgegz4g6ngp/
1539,폰케이스도소매 알바도항상구_정왕점,폰케이스도소매 알바도항상구,https://www.daangn.com/kr/local-profile/%EC%A0%95%EC%99%95%EC%A0%90-msgwktyiokgc/
1540,플러스 친구_에이치비케이 부천지점,플러스 친구,https://www.daangn.com/kr/local-profile/%EC%97%90%EC%9D%B4%EC%B9%98%EB%B9%84%EC%BC%80%EC%9D%B4-%EB%B6%80%EC%B2%9C%EC%A7%80%EC%A0%90-78i8euu8bsu6/
1541,필름도 갈아주시구_LG유플러스 신장동 중앙시장점,필름도 갈아주시구,https://www.daangn.com/kr/local-profile/lg%EC%9C%A0%ED%94%8C%EB%9F%AC%EC%8A%A4-%EC%8B%A0%EC%9E%A5%EB%8F%99-%EC%A4%91%EC%95%99%EC%8B%9C%EC%9E%A5%EC%A0%90-brnz7gb1pv2j/
1542,필요한거 이용하구_내일은영업왕,필요한거 이용하구,https://www.daangn.com/kr/local-profile/%EB%82%B4%EC%9D%BC%EC%9D%80%EC%98%81%EC%97%85%EC%99%95-jn63bb6cxnxh/
1543,하 시구_뚜이텔레콤,하 시구,https://www.daangn.com/kr/local-profile/%EB%9A%9C%EC%9D%B4%ED%85%94%EB%A0%88%EC%BD%A4-gidvgr7j4b6j/
1544,하남시 감일지구_노이앳플랑 마크라메,하남시 감일지구,https://www.daangn.com/kr/local-profile/%EB%85%B8%EC%9D%B4%EC%95%B3%ED%94%8C%EB%9E%91-%EB%A7%88%ED%81%AC%EB%9D%BC%EB%A9%94-vjmdyox2ji79/
1545,하단링크의 카카오플러스친구_캐리통신,하단링크의 카카오플러스친구,https://www.daangn.com/kr/local-profile/%EC%BA%90%EB%A6%AC%ED%86%B5%EC%8B%A0-rv9cx68isjn1/
1546,한 번구_신화정보통신,한 번구,https://www.daangn.com/kr/local-profile/%EC%8B%A0%ED%99%94%EC%A0%95%EB%B3%B4%ED%86%B5%EC%8B%A0-ddessnxe9udz/
1547,한미대리점 남구_SK텔레콤 한미대리점 남구청점,한미대리점 남구,https://www.daangn.com/kr/local-profile/sk%ED%85%94%EB%A0%88%EC%BD%A4-%ED%95%9C%EB%AF%B8%EB%8C%80%EB%A6%AC%EC%A0%90-%EB%82%A8%EA%B5%AC%EC%B2%AD%EC%A0%90-4ffwv6881n4p/
1548,항상 건강하시구_오산중고폰,항상 건강하시구,https://www.daangn.com/kr/local-profile/%EC%98%A4%EC%82%B0%EC%A4%91%EA%B3%A0%ED%8F%B0-c26uv3fmdhok/
1549,항상 건강하시구_오산중고폰,항상 건강하시구,https://www.daangn.com/kr/local-profile/%EC%98%A4%EC%82%B0%EC%A4%91%EA%B3%A0%ED%8F%B0-c26uv3fmdhok/
1550,항상 부탁드리구_더 좋은 휴대폰,항상 부탁드리구,https://www.daangn.com/kr/local-profile/%EB%8D%94-%EC%A2%8B%EC%9D%80-%ED%9C%B4%EB%8C%80%ED%8F%B0-xt8a4qo7rwsb/
1551,핸드 폰구_주식회사 오션모바일,핸드 폰구,https://www.daangn.com/kr/local-profile/%EC%A3%BC%EC%8B%9D%ED%9A%8C%EC%82%AC-%EC%98%A4%EC%85%98%EB%AA%A8%EB%B0%94%EC%9D%BC-5oj1xwmzu5k5/
1552,핸드폰 잘구_폰지유 평택역점,핸드폰 잘구,https://www.daangn.com/kr/local-profile/%ED%8F%B0%EC%A7%80%EC%9C%A0-%ED%8F%89%ED%83%9D%EC%97%AD%EC%A0%90-cz8ytkyzh8ie/
1553,핸드폰 잘사구_유니콘모바일 합정점,핸드폰 잘사구,https://www.daangn.com/kr/local-profile/%EC%9C%A0%EB%8B%88%EC%BD%98%EB%AA%A8%EB%B0%94%EC%9D%BC-%ED%95%A9%EC%A0%95%EC%A0%90-myj8kcg3ecsu/
1554,혜택단골분들이라면 누구_스텝업개러지,혜택단골분들이라면 누구,https://www.daangn.com/kr/local-profile/%EC%8A%A4%ED%85%9D%EC%97%85%EA%B0%9C%EB%9F%AC%EC%A7%80-61h4f7fxp69h/
1555,혜택당근마켓 보구_광주중고폰나인모바일,혜택당근마켓 보구,https://www.daangn.com/kr/local-profile/%EA%B4%91%EC%A3%BC%EC%A4%91%EA%B3%A0%ED%8F%B0%EB%82%98%EC%9D%B8%EB%AA%A8%EB%B0%94%EC%9D%BC-jfedov5y9u82/
1556,혜택당근마켓보고오신분들에겐 휴대폰구_안양 중고폰판매,혜택당근마켓보고오신분들에겐 휴대폰구,https://www.daangn.com/kr/local-profile/%EC%95%88%EC%96%91-%EC%A4%91%EA%B3%A0%ED%8F%B0%ED%8C%90%EB%A7%A4-zrdd2mau5mgg/
1557,혜택본사지원 대구_다이렉트샵 동천점,혜택본사지원 대구,https://www.daangn.com/kr/local-profile/%EB%8B%A4%EC%9D%B4%EB%A0%89%ED%8A%B8%EC%83%B5-%EB%8F%99%EC%B2%9C%EC%A0%90-m4jibkmsbcsz/
1558,혜택본사지원 대구_다이렉트샵 동천점,혜택본사지원 대구,https://www.daangn.com/kr/local-profile/%EB%8B%A4%EC%9D%B4%EB%A0%89%ED%8A%B8%EC%83%B5-%EB%8F%99%EC%B2%9C%EC%A0%90-m4jibkmsbcsz/
1559,혜택중고 핸드폰구_월드마트,혜택중고 핸드폰구,https://www.daangn.com/kr/local-profile/%EC%9B%94%EB%93%9C%EB%A7%88%ED%8A%B8-6t96e65tgaht/
1560,환경오염으로부터 지구_스피드수거,환경오염으로부터 지구,https://www.daangn.com/kr/local-profile/%EC%8A%A4%ED%94%BC%EB%93%9C%EC%88%98%EA%B1%B0-d8tvuzfiuugt/
1561,회원할인 재구_굿모닝휴대폰1번가,회원할인 재구,https://www.daangn.com/kr/local-profile/%EA%B5%BF%EB%AA%A8%EB%8B%9D%ED%9C%B4%EB%8C%80%ED%8F%B01%EB%B2%88%EA%B0%80-zq22k6niqhkq/
1562,휴대 폰구_핸드통신,휴대 폰구,https://www.daangn.com/kr/local-profile/%ED%95%B8%EB%93%9C%ED%86%B5%EC%8B%A0-iqz7n2nbcd2p/
1563,휴대 폰구_휴대폰뱅크,휴대 폰구,https://www.daangn.com/kr/local-profile/%ED%9C%B4%EB%8C%80%ED%8F%B0%EB%B1%85%ED%81%AC-f4tdjiw962f2/
1564,휴대 폰구_휴대폰뱅크,휴대 폰구,https://www.daangn.com/kr/local-profile/%ED%9C%B4%EB%8C%80%ED%8F%B0%EB%B1%85%ED%81%AC-f4tdjiw962f2/
1565,휴대폰 싸다구_휴대폰 싸다구,휴대폰 싸다구,https://www.daangn.com/kr/local-profile/%ED%9C%B4%EB%8C%80%ED%8F%B0-%EC%8B%B8%EB%8B%A4%EA%B5%AC-whhyqzyipkkt/
1566,휴대폰백화점 수완지구_휴대폰백화점 수완지구 장덕동,휴대폰백화점 수완지구,https://www.daangn.com/kr/local-profile/%ED%9C%B4%EB%8C%80%ED%8F%B0%EB%B0%B1%ED%99%94%EC%A0%90-%EC%88%98%EC%99%84%EC%A7%80%EA%B5%AC-%EC%9E%A5%EB%8D%95%EB%8F%99-h2wbhes191x3/
1567,휴대폰성지 다폰구_휴대폰성지 다폰구영,휴대폰성지 다폰구,https://www.daangn.com/kr/local-profile/%ED%9C%B4%EB%8C%80%ED%8F%B0%EC%84%B1%EC%A7%80-%EB%8B%A4%ED%8F%B0%EA%B5%AC%EC%98%81-ayg7hg2ueo8f/
